match_weight,match_probability,source_dataset_l,source_dataset_r,uid_l,uid_r,state_l,state_r,gamma_state,city_l,city_r,gamma_city,zip5_l,zip5_r,gamma_zip5,name_l,name_r,gamma_name,address_l,address_r,gamma_address,rank_within_left,match_key,ensemble_score,hybrid_score
20.435998436287218,0.9999992950615924,A,B,A_362,B_362,OR,OR,1.0,ONTARIO,ONTARIO,1.0,97914,97914,1.0,ONTARIO AQUATIC CENTER RENOVATION REBID,ONTARIO AQUATIC CENTER RENOVATION,3.0,,,4.0,1,,1.0,0.9999996475307962
20.13582489404038,0.9999991320147552,A,B,A_193,B_193,ON,ON,1.0,BRIGHTON,BRIGHTON,1.0,0,0,1.0,BRIGHTON WASTEWATER TREATMENT SYSTEM UPGRADES,BRIGHTON WASTEWATER TREATMENT SYSTEM UPGRADES,4.0,,,4.0,1,,1.0,0.9999995660073776
20.13582489404038,0.9999991320147552,A,B,A_168,B_168,WY,WY,1.0,MEETEETSE,MEETEETSE,1.0,82433,82433,1.0,WEST TIMBER AND ROSE CREEKS FISH PASSAGE RESTORATION,WEST TIMBER AND ROSE CREEKS FISH PASSAGE RESTORATION,4.0,,,4.0,1,,1.0,0.9999995660073776
20.13582489404038,0.9999991320147552,A,B,A_634,B_634,ON,ON,1.0,TORONTO,TORONTO,1.0,9,9,1.0,EATONVILLE LIBRARY YOUTH HUB,EATONVILLE LIBRARY YOUTH HUB,4.0,,,4.0,1,,1.0,0.9999995660073776
20.13582489404038,0.9999991320147552,A,B,A_727,B_727,AL,AL,1.0,GADSDEN,GADSDEN,1.0,35901,35901,1.0,DOWNTOWN STREETSCAPE IMPROVEMENTS,DOWNTOWN STREETSCAPE IMPROVEMENTS,4.0,,,4.0,1,,1.0,0.9999995660073776
20.13582489404038,0.9999991320147552,A,B,A_831,B_831,GA,GA,1.0,LAKELAND,LAKELAND,1.0,31635,31635,1.0,LANIER COUNTY HIGH SCHOOL HEADHOUSE & SHELTER,LANIER COUNTY HIGH SCHOOL HEADHOUSE & SHELTER,4.0,,,4.0,1,,1.0,0.9999995660073776
20.13582489404038,0.9999991320147552,A,B,A_951,B_951,MN,MN,1.0,ROSEAU,ROSEAU,1.0,56751,56751,1.0,RUNWAY 16-34 & TAXIWAYS RECONSTRUCTION,RUNWAY 16-34 & TAXIWAYS RECONSTRUCTION,4.0,,,4.0,1,,1.0,0.9999995660073776
19.250131890975883,0.9999983962665641,A,B,A_665,B_665,WY,WY,1.0,UPTON,UPTON,1.0,82730,82730,1.0,WATER & SEWER REPLACEMENT PROJECT,WATER & SEWER REPLACEMENT PROJECT - PHASE 1.1 AND 1.2,2.0,,,4.0,1,,1.0,0.9999991981332821
16.0667646266215,0.9999854314748834,A,B,A_617,B_617,TX,TX,1.0,LEWISVILLE,LEWISVILLE,1.0,75067,75067,1.0,WATER LINE REPLACEMENT,WATER LINE REPLACEMENT - FY 2020 EAST ALEXANDER LANE AND DICKEY DRIVE,1.0,,,4.0,1,,1.0,0.9999927157374418
16.0667646266215,0.9999854314748834,A,B,A_885,B_885,TX,TX,1.0,LEWISVILLE,LEWISVILLE,1.0,75067,75067,1.0,WALMART SUPERCENTER,WALMART SUPERCENTER #263.2 NEW / FRISCO-REBID,1.0,,,4.0,1,,1.0,0.9999927157374418
8.988852972884597,0.9980355921632855,A,B,A_210,B_210,FL,FL,1.0,NEW PORT RICHEY,NEW PORT RICHEY,1.0,34652,,0.0,GRIFFIN PARK FLOOD ABATEMENT,GRIFFIN PARK FLOOD ABATEMENT PROJECT,3.0,,,4.0,1,,1.0,0.9990177960816428
8.988852972884597,0.9980355921632855,A,B,A_846,B_846,CA,CA,1.0,SAN CLEMENTE,SAN CLEMENTE,1.0,92672,,0.0,CAMINO VERA CRUZ RECYCLED WATER LINE EXTENSION REBID,CAMINO VERA CRUZ RECYCLED WATER LINE EXTENSION,3.0,,,4.0,1,,1.0,0.9990177960816428
8.988852972884597,0.9980355921632855,A,B,A_693,B_693,FL,FL,1.0,VERO BEACH,VERO BEACH,1.0,32967,,0.0,HOBART PARK BASEBALL FIELD IMPROVEMENTS REBID,HOBART PARK BASEBALL FIELD IMPROVEMENTS,3.0,,,4.0,1,,1.0,0.9990177960816428
8.688679430637757,0.9975823378019729,A,B,A_389,B_389,HI,HI,1.0,HONOLULU,HONOLULU,1.0,96814,,0.0,BLAISDELL CENTER REDEVELOPMENT ARENA SEWER REHABILITATION,BLAISDELL CENTER REDEVELOPMENT ARENA SEWER REHABILITATION,4.0,,,4.0,1,,1.0,0.9987911689009865
8.688679430637757,0.9975823378019729,A,B,A_679,B_679,TX,TX,1.0,HARLINGEN,HARLINGEN,1.0,78550,,0.0,GBE COMMERCIAL OFFICES,GBE COMMERCIAL OFFICES,4.0,,,4.0,1,,1.0,0.9987911689009865
8.688679430637757,0.9975823378019729,A,B,A_731,B_731,ON,ON,1.0,FORT ERIE,FORT ERIE,1.0,226,,0.0,GIBSON CENTRE EXPANSION PROJECT,GIBSON CENTRE EXPANSION PROJECT,4.0,,,4.0,1,,1.0,0.9987911689009865
8.688679430637757,0.9975823378019729,A,B,A_613,B_613,ON,ON,1.0,THUNDER BAY,THUNDER BAY,1.0,7,,0.0,DRIVEWAY REPLACEMENTS PICTON/WALKOVER,DRIVEWAY REPLACEMENTS PICTON/WALKOVER,4.0,,,4.0,1,,1.0,0.9987911689009865
8.688679430637757,0.9975823378019729,A,B,A_739,B_739,NV,NV,1.0,GERLACH,GERLACH,1.0,89412,,0.0,GERLACH WASTEWATER EXPANSION PROJECT,GERLACH WASTEWATER EXPANSION PROJECT,4.0,,,4.0,1,,1.0,0.9987911689009865
8.688679430637757,0.9975823378019729,A,B,A_963,B_963,MS,MS,1.0,GULFPORT,GULFPORT,1.0,39501,,0.0,ISIAH FREDERICKS BALLFIELD RENOVATIONS,ISIAH FREDERICKS BALLFIELD RENOVATIONS,4.0,,,4.0,1,,1.0,0.9987911689009865
8.688679430637757,0.9975823378019729,A,B,A_266,B_266,FL,FL,1.0,ST. PETERSBURG,ST. PETERSBURG,1.0,33702,,0.0,RUTLAND PLAZA ACCESS ROAD IMPROVEMENTS,RUTLAND PLAZA ACCESS ROAD IMPROVEMENTS,4.0,,,4.0,1,,1.0,0.9987911689009865
8.688679430637757,0.9975823378019729,A,B,A_188,B_188,NJ,NJ,1.0,TOMS RIVER,TOMS RIVER,1.0,08753,,0.0,PUMP STATION NO. 9 FORCE MAIN REPLACEMENT,PUMP STATION NO. 9 FORCE MAIN REPLACEMENT,4.0,,,4.0,1,,1.0,0.9987911689009865
8.688679430637757,0.9975823378019729,A,B,A_251,B_251,FL,FL,1.0,DUNEDIN,DUNEDIN,1.0,34698,,0.0,PATRICIA AVENUE WATER MAIN REPLACEMENT,PATRICIA AVENUE WATER MAIN REPLACEMENT,4.0,,,4.0,1,,1.0,0.9987911689009865
8.688679430637757,0.9975823378019729,A,B,A_330,B_330,FL,FL,1.0,FORT MYERS BEACH,FORT MYERS BEACH,1.0,33931,,0.0,LYNN HALL MEMORIAL PARK RESTROOM AND SITE IMPROVEMENTS,LYNN HALL MEMORIAL PARK RESTROOM AND SITE IMPROVEMENTS,4.0,,,4.0,1,,1.0,0.9987911689009865
8.688679430637757,0.9975823378019729,A,B,A_277,B_277,ON,ON,1.0,PEMBROKE,PEMBROKE,1.0,8,,0.0,CONCRETE WORKS - 2025,CONCRETE WORKS - 2025,4.0,,,4.0,1,,1.0,0.9987911689009865
8.688679430637757,0.9975823378019729,A,B,A_502,B_502,AB,AB,1.0,FORT MCMURRAY,FORT MCMURRAY,1.0,946,,0.0,FATHER MERCREDI SITE REMEDIATION,FATHER MERCREDI SITE REMEDIATION,4.0,,,4.0,1,,1.0,0.9987911689009865
7.802986427573264,0.9955421374232053,A,B,A_131,B_131,FL,FL,1.0,GULF BREEZE,GULF BREEZE,1.0,32561,,0.0,UNDERGROUND UTILITY CONVERSION - NEIGHBORHOOD COLLECTORS,UNDERGROUND UTILITY CONVERSION - NEIGHBORHOOD COLLECTORS - CITY OF GULF BREEZE,2.0,,,4.0,1,,1.0,0.9977710687116026
7.802986427573264,0.9955421374232053,A,B,A_888,B_888,AK,AK,1.0,ATQASUK,ATQASUK,1.0,99503,,0.0,AREA WIDE SEWAGE LAGOON UPGRADES DUPLICATE REPORT,AREA WIDE SEWAGE LAGOON UPGRADES,2.0,,,4.0,1,,1.0,0.9977710687116026
7.802986427573264,0.9955421374232053,A,B,A_48,B_48,HI,HI,1.0,HONOLULU,HONOLULU,1.0,96843,,0.0,SERVICE LATERAL REPLACEMENTS,SERVICE LATERAL REPLACEMENTS IN PALOLO AREA,2.0,,,4.0,1,,1.0,0.9977710687116026
7.802986427573264,0.9955421374232053,A,B,A_281,B_281,CT,CT,1.0,MILFORD,MILFORD,1.0,06460,,0.0,SEA SHELL RESIDENCES APARTMENT BUILDING,SEA SHELL RESIDENCES,2.0,,,4.0,1,,1.0,0.9977710687116026
20.435998436287218,0.9999992950615924,A,B,A_68,B_68,MN,MN,1.0,ORR,ORR,1.0,55771,55771,1.0,BOIS FORTE SO 3 PHASE 2 DNR OFFICE BUILDING,BOIS FORTE - SO 3 PH 2 DNR OFFICE BUILDING,3.0,,,4.0,1,,0.985449570948887,0.9927244330052396
8.988852972884597,0.9980355921632855,A,B,A_37,B_37,FL,FL,1.0,PEMBROKE PINES,PEMBROKE PINES,1.0,33026,,0.0,"PEDIATRIC ASSOCIATES - PEMBROKE PINES, FL",PEDIATRIC ASSOCIATES / PEMBROKE PINES,3.0,,,4.0,1,,0.9768339768339769,0.9874347844986312
7.802986427573264,0.9955421374232053,A,B,A_955,B_955,TX,TX,1.0,LAREDO,LAREDO,1.0,78045,,0.0,BRENNAN II AT PINNACLE INDUSTRIAL CENTER WAREHOUSE SHELL,BRENNAN II / PINNACLE INDUSTRIAL CENTER WAREHOUSE SHELL,2.0,,,4.0,1,,0.9774568074568074,0.9864994724400064
8.988852972884597,0.9980355921632855,A,B,A_555,B_555,FL,FL,1.0,PANAMA CITY BEACH,PANAMA CITY BEACH,1.0,32407,,0.0,LYNDELL CONFERENCE CENTER RESTROOM & LOBBY RENOVATION,LYNDELL CONFERENCE CENTER RESTROOM AND LOBBY RENOVATION,3.0,,,4.0,1,,0.9721569411547573,0.9850962666590214
19.250131890975883,0.9999983962665641,A,B,A_134,B_134,OK,OK,1.0,TAHLEQUAH,TAHLEQUAH,1.0,74464,74464,1.0,REASOR'S 902 REMODEL TAHLEQUAH OK REBID,REASOR'S #902 REMODEL - TAHLEQUAH,2.0,,,4.0,1,,0.9663865546218486,0.9831924754442063
7.802986427573264,0.9955421374232053,A,B,A_47,B_47,FL,FL,1.0,FERNANDINA BEACH,FERNANDINA BEACH,1.0,32034,,0.0,AMELIA WATERFRONT PARK PAVILION AND RESTROOMS CONSTRUCTION,AMELIA RIVER WATERFRONT PARK PAVILION AND RESTROOMS CONSTRUCTION,2.0,,,4.0,1,,0.9678195048511206,0.9816808211371629
4.6196191632188786,0.9609123259929564,A,B,A_723,B_723,FL,FL,1.0,MIAMI,MIAMI,1.0,33136,,0.0,GALLERY AT RIVERWALK APARTMENTS-RETAIL-PARKING GARAGE,GALLERY AT RIVERWALK,1.0,,,4.0,1,,1.0,0.9804561629964782
7.802986427573264,0.9955421374232053,A,B,A_187,B_187,FL,FL,1.0,PEMBROKE PINES,PEMBROKE PINES,1.0,33024,,0.0,"TACO BELL #21409 (PEMBROKE PINES, FL)",TACO BELL #21409 / PEMBROKE PINES,2.0,,,4.0,1,,0.9604395604395602,0.9779908489313828
20.435998436287218,0.9999992950615924,A,B,A_15,B_15,AB,AB,1.0,CALGARY,CALGARY,1.0,2,2,1.0,SHEPARD WASTE MANAGEMENT FACILITY CELL - CONSTRUCTION,SHEPARD WASTE MANAGEMENT FACILITY CELL 14 EAST CONSTRUCTION,3.0,,,4.0,1,,0.9529904418825035,0.9764948684720479
7.802986427573264,0.9955421374232053,A,B,A_458,B_458,UT,UT,1.0,AMERICAN FORK,AMERICAN FORK,1.0,84003,,0.0,TIMPANOGOS SPECIAL SERVICE DISTRICT WWTP PACKAGE B,TIMPANOGOS SPECIAL SERVICE DISTRICT - PACKAGE B - SITE SECURITY SYSTEM,2.0,,,4.0,1,,0.9558173784977907,0.975679757960498
7.802986427573264,0.9955421374232053,A,B,A_979,B_979,HI,HI,1.0,HONOLULU,HONOLULU,1.0,96818,,0.0,SALT LAKE ELEMENTARY SCHOOL CAFETERIA STAGE IMPROVEMENTS,SALT LAKE ELEMENTARY SCHOOL - CAFETERIA IMPROVEMENTS,2.0,,,4.0,1,,0.9428679163973284,0.9692050269102668
7.802986427573264,0.9955421374232053,A,B,A_269,B_269,CA,CA,1.0,SAN CLEMENTE,SAN CLEMENTE,1.0,92672,,0.0,HOTEL CLEMENTE AND LORETTA'S RESTAURANT,HOTEL CLEMENTE / LORETTAS RESTAURANT,2.0,,,4.0,1,,0.937142857142857,0.9663424972830312
20.435998436287218,0.9999992950615924,A,B,A_881,B_881,WV,WV,1.0,FAYETTEVILLE,FAYETTEVILLE,1.0,25840,25840,1.0,PARKING LOT MILLING PAVING AND STRIPING RESURFACE,"PARKING LOT MILLING, PAVING, AND STRIPING SERVICES",3.0,,,4.0,1,,0.9316888045540797,0.965844049807836
19.250131890975883,0.9999983962665641,A,B,A_775,B_775,IA,IA,1.0,MARSHALLTOWN,MARSHALLTOWN,1.0,50158,50158,1.0,MAIN STREET PAVING RECONSTRUCTION,MAIN STREET RECONSTRUCTION,2.0,,,4.0,1,,0.9267328449434306,0.9633656206049973
7.802986427573264,0.9955421374232053,A,B,A_699,B_699,CA,CA,1.0,INDIO,INDIO,1.0,92203,,0.0,SHADOW HILLS HIGH SCHOOL PHASE 2 - WRESTLING BUILDING REBID,SHADOW HILLS HIGH SCHOOL - PHASE 2 WRESTLING ROOM BUILDING,2.0,,,4.0,1,,0.9305019305019304,0.9630220339625679
7.802986427573264,0.9955421374232053,A,B,A_484,B_484,FL,FL,1.0,NEW PORT RICHEY,NEW PORT RICHEY,1.0,34652,,0.0,CLARIFIER 1 MAIN GEAR DRIVE,CLARIFIER #1 MAIN GEARBOX,2.0,,,4.0,1,,0.9254658385093169,0.9605039879662611
16.0667646266215,0.9999854314748834,A,B,A_729,B_729,PA,PA,1.0,LEWISBURG,LEWISBURG,1.0,17837,17837,1.0,UNION COUNTY BRIDGE NO 3 REPAIR PROJECT,UNION COUNTY BRIDGE NO. 3 REPAIRS: T-522 (HARBERSON ROAD) OVER WHITE DEER CREEK,1.0,,,4.0,1,,0.9152941176470589,0.9576397745609712
16.0667646266215,0.9999854314748834,A,B,A_410,B_410,TX,TX,1.0,WALLER,WALLER,1.0,77484,77484,1.0,WATER DISTRIBUTION SANITARY SEWER DRAINAGE & PAVING,"WATER DISTRIBUTION, SANITARY SEWER AND DRAINAGE FACILITIES TO SERVE MEADOWS AT I",1.0,,,4.0,1,,0.9091438555620268,0.9545646435184552
16.0667646266215,0.9999854314748834,A,B,A_778,B_778,TX,TX,1.0,WALLER,WALLER,1.0,77484,77484,1.0,WATER SANITARY DRAINAGE AND PAVING FACILITIES,"WATER, SANITARY, AND PAVING FACILITIES IN STONECREEK ESTATES SECTION 13",1.0,,,4.0,1,,0.9064493267186392,0.9532173790967613
16.0667646266215,0.9999854314748834,A,B,A_392,B_778,TX,TX,1.0,WALLER,WALLER,1.0,77484,77484,1.0,WATER SANITARY DRAINAGE AND PAVING FACILITIES,"WATER, SANITARY, AND PAVING FACILITIES IN STONECREEK ESTATES SECTION 13",1.0,,,4.0,1,,0.9064493267186392,0.9532173790967613
7.802986427573264,0.9955421374232053,A,B,A_406,B_406,TX,TX,1.0,SOUTH PADRE ISLAND,SOUTH PADRE ISLAND,1.0,78597,,0.0,BUBBA GUMP SHRIMP RESTAURANT,BUBBA GUMP SHRIMP CO RESTAURANT / SOUTH PADRE ISLAND,2.0,,,4.0,1,,0.9081632653061225,0.9518527013646638
7.802986427573264,0.9955421374232053,A,B,A_264,B_264,CA,CA,1.0,SANTA CLARITA,SANTA CLARITA,1.0,91390,,0.0,LARC RANCH WATER PIPELINE & ONSITE PUMP STATION,LARC RANCH WATER PIPELINE PROJECT,2.0,,,4.0,1,,0.8983050847457625,0.9469236110844839
4.6196191632188786,0.9609123259929564,A,B,A_521,B_521,ON,ON,1.0,THOROLD,THOROLD,1.0,2,,0.0,THOROLD MUSEUM AND CULTURAL CENTRE,THOROLD HISTORICAL MUSEUM AND CULTURAL CENTRE,1.0,,,4.0,1,,0.9243697478991596,0.942641036946058
19.250131890975883,0.9999983962665641,A,B,A_51,B_51,NH,NH,1.0,BRENTWOOD,BRENTWOOD,1.0,03833,03833,1.0,WASTEWATER TREATMENT FACILITY IMPROVEMENTS,WASTEWATER TREATMENT FACILITY (WWTF) UPGRADES,2.0,,,4.0,1,,0.8823529411764708,0.9411756687215174
7.802986427573264,0.9955421374232053,A,B,A_790,B_790,ON,ON,1.0,THOROLD,THOROLD,1.0,2,,0.0,LAKEVIEW CEMETERY MAUSOLEUM,LAKEVIEW CEMETERY NEW MAUSOLEUM - T1,2.0,,,4.0,1,,0.873015873015873,0.9342790052195391
16.0667646266215,0.9999854314748834,A,B,A_365,B_365,TX,TX,1.0,DAYTON,DAYTON,1.0,77535,77535,1.0,CONSTRUCTION OF WATER AND SANITARY FACILITIES,"CONSTRUCTION OF THE WATER, SANITARY SEWER, DRAINAGE FACILITIES, DETENTION FACILI",1.0,,,4.0,1,,0.8450502152080345,0.9225178233414589
16.0667646266215,0.9999854314748834,A,B,A_20,B_20,ON,ON,1.0,THUNDER BAY,THUNDER BAY,1.0,,,1.0,WATERFRONT DISTRICT PARKADE STRUCTURAL UPGRADES,WATERFRONT PARKING GARAGE STRUCTURAL UPGRADES,1.0,,,4.0,1,,0.839192546583851,0.9195889890293671
16.0667646266215,0.9999854314748834,A,B,A_570,B_570,ON,ON,1.0,ORANGEVILLE,ORANGEVILLE,1.0,9,9,1.0,TOWNLINE & BROADWAY INTERSECTION & CULVERTS REPLACEMENT,TOWNLINE AND BROADWAY INTERSECTION IMPROVEMENTS AND TOWNLINE OVERFLOW CULVERTS R,1.0,,,4.0,1,,0.82527664531159,0.9126310383932367
16.0667646266215,0.9999854314748834,A,B,A_82,B_82,NJ,NJ,1.0,RIVER VALE,RIVER VALE,1.0,07675,07675,1.0,2025 PAVING PROGRAM,2025 ROAD RESURFACING PROGRAM,1.0,,,4.0,1,,0.8235294117647058,0.9117574216197946
8.988852972884597,0.9980355921632855,A,B,A_843,B_843,FL,FL,1.0,ORLANDO,ORLANDO,1.0,32821,32168,0.0,C-10 CANAL BANK RESTORATION,C-10 CANAL BANK RESTORATION PROJECT,3.0,,,4.0,1,,0.8235294117647058,0.9107825019639957
8.988852972884597,0.9980355921632855,A,B,A_480,B_480,WI,WI,1.0,MADISON,MADISON,1.0,53715,53523,0.0,HAWTHORNE COURT RECONSTRUCTION,HAWTHORNE COURT RECONSTRUCTION - 2026,3.0,,,4.0,1,,0.8235294117647058,0.9107825019639957
8.988852972884597,0.9980355921632855,A,B,A_35,B_35,TX,TX,1.0,VICTORIA,VICTORIA,1.0,77904,77995,0.0,BURLINGTON VICTORIA'S RETAIL VILLAGE TENANT INTERIOR,BURLINGTON VICTORIA'S RETAIL VILLAGE TENANT INTERIOR PACKAGE,3.0,,,4.0,1,,0.8235294117647058,0.9107825019639957
8.988852972884597,0.9980355921632855,A,B,A_897,B_897,SD,SD,1.0,LEAD,LEAD,1.0,57754,82701,0.0,DEADWOOD WATER SUPPLY LINE REPLACEMENT PROJECT,DEADWOOD WATER SUPPLY LINE REPLACEMENT,3.0,,,4.0,1,,0.8235294117647058,0.9107825019639957
8.988852972884597,0.9980355921632855,A,B,A_864,B_864,OR,OR,1.0,HILLSBORO,HILLSBORO,1.0,97124,97048,0.0,HILLSBORO AIRPORT RUNWAY AND TAXIWAY SEALS REBID,HILLSBORO AIRPORT RUNWAY AND TAXIWAY SEALS,3.0,,,4.0,1,,0.8235294117647058,0.9107825019639957
8.988852972884597,0.9980355921632855,A,B,A_595,B_595,TX,TX,1.0,PORT ARTHUR,PORT ARTHUR,1.0,77640,77630,0.0,9TH AVENUE PAVEMENT IMPROVEMENT,9TH AVENUE PAVEMENT IMPROVEMENT PROJECT,3.0,,,4.0,1,,0.8235294117647058,0.9107825019639957
8.988852972884597,0.9980355921632855,A,B,A_744,B_744,FL,FL,1.0,NICEVILLE,NICEVILLE,1.0,32578,36477,0.0,VALPARAISO BLVD DRAINAGE IMPROVEMENTS - COMPLETED,VALPARAISO BLVD DRAINAGE IMPROVEMENTS,3.0,,,4.0,1,,0.8235294117647058,0.9107825019639957
8.988852972884597,0.9980355921632855,A,B,A_980,B_980,TX,TX,1.0,LUFKIN,LUFKIN,1.0,75901,75845,0.0,7 BREW - LUFKIN TX,7 BREW - LUFKIN,3.0,,,4.0,1,,0.8235294117647058,0.9107825019639957
8.988852972884597,0.9980355921632855,A,B,A_598,B_598,OK,OK,1.0,BETHANY,BETHANY,1.0,73008,73742,0.0,RIPPER PARK SWIMMING POOL RENOVATIONS PHASE 2,RIPPER PARK SWIMMING POOL RENOVATIONS PHASE 2B,3.0,,,4.0,1,,0.8235294117647058,0.9107825019639957
8.988852972884597,0.9980355921632855,A,B,A_972,B_972,UT,UT,1.0,PARK CITY,PARK CITY,1.0,84060,84037,0.0,HOMESTAKE ROAD RECONSTRUCTION REBID,HOMESTAKE ROAD RECONSTRUCTION,3.0,,,4.0,1,,0.8235294117647058,0.9107825019639957
8.688679430637757,0.9975823378019729,A,B,A_106,B_106,WA,WA,1.0,PULLMAN,PULLMAN,1.0,99163,83855,0.0,DECANT FACILITY,DECANT FACILITY,4.0,,,4.0,1,,0.8235294117647058,0.9105558747833393
8.688679430637757,0.9975823378019729,A,B,A_875,B_875,OR,OR,1.0,EUGENE,EUGENE,1.0,97401,97405,0.0,WEST 5TH AVENUE & SENECA ROAD WATER QUALITY IMPROVEMENTS,WEST 5TH AVENUE & SENECA ROAD WATER QUALITY IMPROVEMENTS,4.0,,,4.0,1,,0.8235294117647058,0.9105558747833393
8.688679430637757,0.9975823378019729,A,B,A_554,B_554,WI,WI,1.0,DELAVAN,DELAVAN,1.0,53115,53523,0.0,DELAVAN PUBLIC LIBRARY ADDITION AND RENOVATION,DELAVAN PUBLIC LIBRARY ADDITION AND RENOVATION,4.0,,,4.0,1,,0.8235294117647058,0.9105558747833393
8.688679430637757,0.9975823378019729,A,B,A_687,B_687,TN,TN,1.0,MEMPHIS,MEMPHIS,1.0,38126,38116,0.0,GREEN LEAF ORGANIC MARKET + DELI,GREEN LEAF ORGANIC MARKET + DELI,4.0,,,4.0,1,,0.8235294117647058,0.9105558747833393
8.688679430637757,0.9975823378019729,A,B,A_721,B_721,ON,ON,1.0,ST THOMAS,ST THOMAS,1.0,5,0,0.0,TECHNOLOGY TRAIL CONSTRUCTION,TECHNOLOGY TRAIL CONSTRUCTION,4.0,,,4.0,1,,0.8235294117647058,0.9105558747833393
8.688679430637757,0.9975823378019729,A,B,A_604,B_604,TX,TX,1.0,LUBBOCK,LUBBOCK,1.0,79410,79041,0.0,TEXAS TECH UNIVERSITY PLANT GENOME LAB RENOVATION,TEXAS TECH UNIVERSITY PLANT GENOME LAB RENOVATION,4.0,,,4.0,1,,0.8235294117647058,0.9105558747833393
8.688679430637757,0.9975823378019729,A,B,A_138,B_138,NH,NH,1.0,NEWMARKET,NEWMARKET,1.0,03857,03833,0.0,SEPTAGE RECEIVING UPGRADE PHASE 1,SEPTAGE RECEIVING UPGRADE PHASE 1,4.0,,,4.0,1,,0.8235294117647058,0.9105558747833393
8.688679430637757,0.9975823378019729,A,B,A_959,B_959,AZ,AZ,1.0,MESA,MESA,1.0,85212,85138,0.0,GATEWAY COMMERCE CENTER II,GATEWAY COMMERCE CENTER II,4.0,,,4.0,1,,0.8235294117647058,0.9105558747833393
8.688679430637757,0.9975823378019729,A,B,A_956,B_956,AB,AB,1.0,MEDICINE HAT,MEDICINE HAT,1.0,1,0,0.0,ST. FRANCIS XAVIER REPLACEMENT SCHOOL,ST. FRANCIS XAVIER REPLACEMENT SCHOOL,4.0,,,4.0,1,,0.8235294117647058,0.9105558747833393
8.688679430637757,0.9975823378019729,A,B,A_299,B_299,NC,NC,1.0,CAMP LEJEUNE,CAMP LEJEUNE,1.0,28547,28562,0.0,LANDFILL CLOSURE PHASE III,LANDFILL CLOSURE PHASE III,4.0,,,4.0,1,,0.8235294117647058,0.9105558747833393
8.688679430637757,0.9975823378019729,A,B,A_359,B_359,ON,ON,1.0,BRADFORD,BRADFORD,1.0,3,9,0.0,HOLY TRINITY CATHOLIC HIGH SCHOOL ADDITION,HOLY TRINITY CATHOLIC HIGH SCHOOL ADDITION,4.0,,,4.0,1,,0.8235294117647058,0.9105558747833393
8.688679430637757,0.9975823378019729,A,B,A_315,B_315,VT,VT,1.0,WATERBURY,WATERBURY,1.0,05676,05443,0.0,LITTLE RIVER STATE PARK ENTRANCE ROAD DRAINAGE IMPROVEMENTS,LITTLE RIVER STATE PARK ENTRANCE ROAD DRAINAGE IMPROVEMENTS,4.0,,,4.0,1,,0.8235294117647058,0.9105558747833393
8.688679430637757,0.9975823378019729,A,B,A_353,B_353,ON,ON,1.0,COBOURG,COBOURG,1.0,9,0,0.0,WELCOME INTERSECTION IMPROVEMENTS,WELCOME INTERSECTION IMPROVEMENTS,4.0,,,4.0,1,,0.8235294117647058,0.9105558747833393
8.688679430637757,0.9975823378019729,A,B,A_443,B_443,TX,TX,1.0,EL PASO,EL PASO,1.0,79912,88021,0.0,MESA HILLS II MULTIFAMILY NEW CONSTRUCTION,MESA HILLS II MULTIFAMILY NEW CONSTRUCTION,4.0,,,4.0,1,,0.8235294117647058,0.9105558747833393
8.688679430637757,0.9975823378019729,A,B,A_231,B_231,TX,TX,1.0,LUBBOCK,LUBBOCK,1.0,79411,79041,0.0,CDBG - MINOR REHAB,CDBG - MINOR REHAB,4.0,,,4.0,1,,0.8235294117647058,0.9105558747833393
8.688679430637757,0.9975823378019729,A,B,A_245,B_245,NY,NY,1.0,LAKE PLACID,LAKE PLACID,1.0,12946,12852,0.0,MT VAN HOEVENBERG SLIDING TRACK MODERNIZATION,MT VAN HOEVENBERG SLIDING TRACK MODERNIZATION,4.0,,,4.0,1,,0.8235294117647058,0.9105558747833393
8.688679430637757,0.9975823378019729,A,B,A_89,B_89,TN,TN,1.0,KNOXVILLE,KNOXVILLE,1.0,37921,37912,0.0,SOUTH KNOX MINI-BASIN 40F3 WATER AND WASTEWATER UPGRADES,SOUTH KNOX MINI-BASIN 40F3 WATER AND WASTEWATER UPGRADES,4.0,,,4.0,1,,0.8235294117647058,0.9105558747833393
8.688679430637757,0.9975823378019729,A,B,A_26,B_26,ON,ON,1.0,OSHAWA,OSHAWA,1.0,171,0,0.0,KINSMEN CIVIC MEMORIAL STADIUM REDEVELOPMENT,KINSMEN CIVIC MEMORIAL STADIUM REDEVELOPMENT,4.0,,,4.0,1,,0.8235294117647058,0.9105558747833393
8.688679430637757,0.9975823378019729,A,B,A_422,B_422,WA,WA,1.0,YAKIMA,YAKIMA,1.0,98901,98848,0.0,YTC 872 MOV PARKING REPAIR,YTC 872 MOV PARKING REPAIR,4.0,,,4.0,1,,0.8235294117647058,0.9105558747833393
8.688679430637757,0.9975823378019729,A,B,A_46,B_46,IL,IL,1.0,URBANA,URBANA,1.0,61802,61849,0.0,KICKAPOO RAIL TRAIL TRAILHEAD PAVILION,KICKAPOO RAIL TRAIL TRAILHEAD PAVILION,4.0,,,4.0,1,,0.8235294117647058,0.9105558747833393
8.688679430637757,0.9975823378019729,A,B,A_523,B_523,WA,WA,1.0,BELLINGHAM,BELLINGHAM,1.0,98225,98266,0.0,BELLINGHAM SHIPPING TERMINAL PORTABLE BARGE RAMP,BELLINGHAM SHIPPING TERMINAL PORTABLE BARGE RAMP,4.0,,,4.0,1,,0.8235294117647058,0.9105558747833393
8.688679430637757,0.9975823378019729,A,B,A_289,B_289,TX,TX,1.0,WAXAHACHIE,WAXAHACHIE,1.0,75165,76631,0.0,COLEMAN JUNIOR HIGH TRACK AND FIELD,COLEMAN JUNIOR HIGH TRACK AND FIELD,4.0,,,4.0,1,,0.8235294117647058,0.9105558747833393
8.688679430637757,0.9975823378019729,A,B,A_211,B_211,UT,UT,1.0,HYRUM,HYRUM,1.0,84319,84308,0.0,LIBBIE SPRINGS PARK,LIBBIE SPRINGS PARK,4.0,,,4.0,1,,0.8235294117647058,0.9105558747833393
8.688679430637757,0.9975823378019729,A,B,A_648,B_648,TN,TN,1.0,RIPLEY,RIPLEY,1.0,38063,72315,0.0,RIPLEY HWY 209 SEWER FORCE MAIN,RIPLEY HWY 209 SEWER FORCE MAIN,4.0,,,4.0,1,,0.8235294117647058,0.9105558747833393
8.688679430637757,0.9975823378019729,A,B,A_501,B_501,WA,WA,1.0,ASOTIN,ASOTIN,1.0,99402,97828,0.0,ASOTIN HIGH SCHOOL CLASSROOM RENOVATION,ASOTIN HIGH SCHOOL CLASSROOM RENOVATION,4.0,,,4.0,1,,0.8235294117647058,0.9105558747833393
8.688679430637757,0.9975823378019729,A,B,A_83,B_83,KY,KY,1.0,NICHOLASVILLE,NICHOLASVILLE,1.0,40356,40342,0.0,BRANNON ROAD WIDENING WATER LINE RELOCATION,BRANNON ROAD WIDENING WATER LINE RELOCATION,4.0,,,4.0,1,,0.8235294117647058,0.9105558747833393
8.688679430637757,0.9975823378019729,A,B,A_230,B_230,TN,TN,1.0,JASPER,JASPER,1.0,37347,37376,0.0,MARION COUNTY HEALTH DEPARTMENT RENOVATIONS,MARION COUNTY HEALTH DEPARTMENT RENOVATIONS,4.0,,,4.0,1,,0.8235294117647058,0.9105558747833393
8.688679430637757,0.9975823378019729,A,B,A_259,B_259,TX,TX,1.0,LUFKIN,LUFKIN,1.0,75901,75845,0.0,ANGELINA WATER SUPPLY CORPORATION - NEW WATER PLANT,ANGELINA WATER SUPPLY CORPORATION - NEW WATER PLANT,4.0,,,4.0,1,,0.8235294117647058,0.9105558747833393
8.688679430637757,0.9975823378019729,A,B,A_175,B_175,MT,MT,1.0,COLSTRIP,COLSTRIP,1.0,59323,59038,0.0,2025 COLSTRIP CRACK AND CHIP SEALING,2025 COLSTRIP CRACK AND CHIP SEALING,4.0,,,4.0,1,,0.8235294117647058,0.9105558747833393
8.688679430637757,0.9975823378019729,A,B,A_215,B_215,FL,FL,1.0,GAINESVILLE,GAINESVILLE,1.0,32601,32091,0.0,AUTOMOTIVE TECHNOLOGY AND TRAINING CENTER,AUTOMOTIVE TECHNOLOGY AND TRAINING CENTER,4.0,,,4.0,1,,0.8235294117647058,0.9105558747833393
8.688679430637757,0.9975823378019729,A,B,A_918,B_918,ON,ON,1.0,SARNIA,SARNIA,1.0,7,0,0.0,MICHIGAN FORCEMAIN AND WATERMAIN,MICHIGAN FORCEMAIN AND WATERMAIN,4.0,,,4.0,1,,0.8235294117647058,0.9105558747833393
8.688679430637757,0.9975823378019729,A,B,A_905,B_905,ON,ON,1.0,BURLINGTON,BURLINGTON,1.0,721,3,0.0,THE RESIDENCES ON CUMBERLAND,THE RESIDENCES ON CUMBERLAND,4.0,,,4.0,1,,0.8235294117647058,0.9105558747833393
4.6196191632188786,0.9609123259929564,A,B,A_71,B_71,IN,IN,1.0,LA PORTE,LA PORTE,1.0,46350,,0.0,HUDSON & SAUGANY LAKE WASTEWATER SYSTEM (WITH PS ) PHI REBID,HUDSON & SAUGANY LAKE WASTEWATER SYSTEM - PHASE I CONTRACT B SAUGANY LAKE WASTEW,1.0,,,4.0,1,,0.8597402597402598,0.910326292866608
7.802986427573264,0.9955421374232053,A,B,A_304,B_304,FL,FL,1.0,TAMPA,TAMPA,1.0,33602,33811,0.0,DOMO AT CASS SQUARE RESIDENTIAL,DOMO AT CASS SQUARE,2.0,,,4.0,1,,0.8235294117647058,0.9095357745939556
7.802986427573264,0.9955421374232053,A,B,A_326,B_326,ON,ON,1.0,BELLEVILLE,BELLEVILLE,1.0,8,0,0.0,BAY DRIVE AREA WATERMAIN INTERCONNECTIONS,BAY DRIVE AREA WATERMAIN INTERCONNECTIONS AND DUNDAS ST E WATERMAIN DECOMMISSION,2.0,,,4.0,1,,0.8235294117647058,0.9095357745939556
7.802986427573264,0.9955421374232053,A,B,A_288,B_288,FL,FL,1.0,JACKSONVILLE,JACKSONVILLE,1.0,32202,32091,0.0,PANDA EXPRESS CHINESE KITCHEN,PANDA EXPRESS CHINESE KITCHEN RENOVATION / JACKSONVILLE,2.0,,,4.0,1,,0.8235294117647058,0.9095357745939556
7.802986427573264,0.9955421374232053,A,B,A_710,B_710,WA,WA,1.0,SPOKANE,SPOKANE,1.0,99208,83804,0.0,PROVIDENCE HOLY FAMILY HOSPITAL,PROVIDENCE HOLY FAMILY HOSPITAL RENOVATION PHASE I TO V,2.0,,,4.0,1,,0.8235294117647058,0.9095357745939556
7.802986427573264,0.9955421374232053,A,B,A_167,B_167,NV,NV,1.0,HENDERSON,HENDERSON,1.0,89015,89002,0.0,VAN WAGENEN STREET IMPROVEMENTS,VAN WAGENEN STREET IMPROVEMENTS LAKE MEAD PKWY TO GREENWAY RD,2.0,,,4.0,1,,0.8235294117647058,0.9095357745939556
7.802986427573264,0.9955421374232053,A,B,A_321,B_321,CO,CO,1.0,HOLYOKE,HOLYOKE,1.0,80734,69127,0.0,HOLYOKE MUNICIPAL AIRPORT REHABILITATION,HOLYOKE MUNICIPAL AIRPORT,2.0,,,4.0,1,,0.8235294117647058,0.9095357745939556
7.802986427573264,0.9955421374232053,A,B,A_899,B_899,CO,CO,1.0,PUEBLO,PUEBLO,1.0,81003,81069,0.0,ASPHALT AND UTILITY IMPROVEMENTS - NORTHERN AVENUE,ASPHALT AND UTILITY IMPROVEMENTS - NORTHERN AVENUE (PRAIRIE TO I-25),2.0,,,4.0,1,,0.8235294117647058,0.9095357745939556
7.802986427573264,0.9955421374232053,A,B,A_997,B_997,MO,MO,1.0,MARYLAND HEIGHTS,MARYLAND HEIGHTS,1.0,63017,62014,0.0,RIVER VALLEY COMMERCE CENTER BUILDING 1,RIVER VALLEY COMMERCE CENTER,2.0,,,4.0,1,,0.8235294117647058,0.9095357745939556
7.802986427573264,0.9955421374232053,A,B,A_588,B_588,TX,TX,1.0,SAN ANTONIO,SAN ANTONIO,1.0,78223,78113,0.0,UNION PARK APARTMENTS REHABILITATION,UNION PARK APARTMENTS,2.0,,,4.0,1,,0.8235294117647058,0.9095357745939556
7.802986427573264,0.9955421374232053,A,B,A_551,B_551,FL,FL,1.0,JACKSONVILLE,JACKSONVILLE,1.0,32218,32091,0.0,WATER MAIN AND FORCE MAIN EXTENSIONS,WATER MAIN AND FORCE MAIN EXTENSIONS ON LEM TURNER ROAD,2.0,,,4.0,1,,0.8235294117647058,0.9095357745939556
7.802986427573264,0.9955421374232053,A,B,A_146,B_146,FL,FL,1.0,ORLANDO,ORLANDO,1.0,32803,32168,0.0,BALDWIN CROSSING TOWNHOMES,BALDWIN CROSSING,2.0,,,4.0,1,,0.8235294117647058,0.9095357745939556
7.802986427573264,0.9955421374232053,A,B,A_629,B_629,KY,KY,1.0,CAMPBELLSVILLE,CAMPBELLSVILLE,1.0,42718,42642,0.0,TAYLOR COUNTY COMMUNITY PARK IMPROVEMENTS REBID,TAYLOR COUNTY COMMUNITY PARK,2.0,,,4.0,1,,0.8235294117647058,0.9095357745939556
7.802986427573264,0.9955421374232053,A,B,A_757,B_757,PA,PA,1.0,CLEARFIELD,CLEARFIELD,1.0,16830,16874,0.0,MONTGOMERY RUN WATER TREATMENT FACILITY UPGRADES,MONTGOMERY RUN WATER TREATMENT FACILITY UPGRADES - CONTRACT : ELECTRICAL WORK,2.0,,,4.0,1,,0.8235294117647058,0.9095357745939556
7.802986427573264,0.9955421374232053,A,B,A_697,B_697,WI,WI,1.0,WAUSAU,WAUSAU,1.0,54403,54411,0.0,WAUSAU DOWNTOWN AIRPORT TERMINAL RENOVATIONS,WAUSAU DOWNTOWN AIRPORT,2.0,,,4.0,1,,0.8235294117647058,0.9095357745939556
7.802986427573264,0.9955421374232053,A,B,A_390,B_390,FL,FL,1.0,SOUTH DAYTONA,SOUTH DAYTONA,1.0,32119,32168,0.0,REED CANAL STORM WATER POND EXPANSION,REED CANAL STORMWATER POND EXPANSION PROJECT,2.0,,,4.0,1,,0.8152249134948096,0.9053835254590075
8.988852972884597,0.9980355921632855,A,B,A_926,B_926,TX,TX,1.0,WAXAHACHIE,WAXAHACHIE,1.0,75165,76631,0.0,CONSTRUCTION OF MYRTLE CREEK PHASE 2D,"CONSTRUCTION OF MYRTLE CREEK, PHASE 2D",3.0,,,4.0,1,,0.8126677265500795,0.9053516593566825
8.988852972884597,0.9980355921632855,A,B,A_874,B_874,NC,NC,1.0,CHARLOTTE,CHARLOTTE,1.0,28203,29732,0.0,CHARLOTTE FIRE STATION 2 - ADDITION AND RENOVATIONS,CHARLOTTE FIRE STATION #2 - ADDITION AND RENOVATIONS,3.0,,,4.0,1,,0.8113315237599464,0.9046835579616159
7.802986427573264,0.9955421374232053,A,B,A_771,B_771,FL,FL,1.0,JACKSONVILLE,JACKSONVILLE,1.0,32220,32091,0.0,WESTLAKE INDUSTRIAL PARK WAREHOUSE BUILDING (LOTS 14/15),WESTLAKE INDUSTRIAL PARK WAREHOUSES,2.0,,,4.0,1,,0.8132992327365729,0.904420685079889
8.988852972884597,0.9980355921632855,A,B,A_663,B_663,FL,FL,1.0,JACKSONVILLE,JACKSONVILLE,1.0,32216,32091,0.0,"ASHCHI SURGERY CENTER RENOVATION - JACKSONVILLE, FL",ASHCHI SURGERY CENTER RENOVATION / JACKSONVILLE,3.0,,,4.0,1,,0.8099547511312216,0.9039951716472536
8.988852972884597,0.9980355921632855,A,B,A_746,B_746,ON,ON,1.0,BARRIE,BARRIE,1.0,4,9,0.0,ASSIKINACK PUBLIC SCHOOL SITE REFURBISHMENT,ASSIKINACK PUBLIC SCHOOL - SITE REFURBISHMENT,3.0,,,4.0,1,,0.8089789827135928,0.9035072874384391
8.988852972884597,0.9980355921632855,A,B,A_222,B_222,LA,LA,1.0,WINNSBORO,WINNSBORO,1.0,71295,71418,0.0,DR ROGERS ROAD IMPROVEMENTS,DR. ROGERS ROAD IMPROVEMENTS,3.0,,,4.0,1,,0.8086987522281641,0.9033671721957248
8.988852972884597,0.9980355921632855,A,B,A_528,B_528,TX,TX,1.0,SAN ANTONIO,SAN ANTONIO,1.0,78212,78113,0.0,LUENSMANN OFF-SITE WATER MAIN EXTENSION PHASE 2,LUENSMANN OFF-SITE WATER MAIN EXTENSION (PHASE 2),3.0,,,4.0,1,,0.8085106382978723,0.9032731152305788
8.988852972884597,0.9980355921632855,A,B,A_742,B_742,MO,MO,1.0,INDEPENDENCE,INDEPENDENCE,1.0,64056,64076,0.0,"VALVOLINE INSTANT OIL CHANGE - INDEPENDENCE, MO",VALVOLINE INSTANT OIL CHANGE / INDEPENDENCE,3.0,,,4.0,1,,0.8071135430916552,0.9025745676274703
16.0667646266215,0.9999854314748834,A,B,A_661,B_661,NM,NM,1.0,ALBUQUERQUE,ALBUQUERQUE,1.0,87121,87121,1.0,QUICK TRIP STATION/TRUCK STOP,QUICK TRIP TRUCK PLAZA,1.0,,,4.0,1,,0.8039215686274509,0.9019535000511671
7.802986427573264,0.9955421374232053,A,B,A_805,B_805,FL,FL,1.0,TAMPA,TAMPA,1.0,33625,,0.0,SAUCY'S - TAMPA FL,SAUCY / TAMPA,2.0,,,4.0,1,,0.8058135412974121,0.9006778393603088
16.0667646266215,0.9999854314748834,A,B,A_267,B_267,GA,GA,1.0,LAKELAND,LAKELAND,1.0,31635,31635,1.0,"CIRCLE K - LAKELAND, GA",CIRCLE K - MAIN & OAK / LAKELAND,1.0,,,4.0,1,,0.8009049773755655,0.9004452044252245
7.802986427573264,0.9955421374232053,A,B,A_561,B_561,WA,WA,1.0,SPOKANE,SPOKANE,1.0,99204,83804,0.0,LINCOLN STREET PEDESTRIAN BIKE SAFETY IMPROVEMENTS,LINCOLN STREET PEDESTRIAN-BIKE SAFETY,2.0,,,4.0,1,,0.8044515103338633,0.8999968238785343
8.988852972884597,0.9980355921632855,A,B,A_311,B_311,CA,CA,1.0,TURLOCK,TURLOCK,1.0,95382,93635,0.0,BID PACKAGE 1 FOR ROADS PROGRAM,BID PACKAGE 3 FOR ROADS PROGRAM CIP,3.0,,,4.0,1,,0.8007590132827325,0.899397302723009
7.802986427573264,0.9955421374232053,A,B,A_993,B_993,KY,KY,1.0,BARDSTOWN,BARDSTOWN,1.0,40004,40342,0.0,NEWCOMB OIL DISTRIBUTION CENTER II,NEWCOMB OIL DISTRIBUTION CENTER / BARDSTOWN,2.0,,,4.0,1,,0.8021390374331551,0.8988405874281802
8.988852972884597,0.9980355921632855,A,B,A_868,B_868,WA,WA,1.0,TACOMA,TACOMA,1.0,98409,98323,0.0,TPU ADMINISTRATIVE BUILDING NORTH ENTRY & ATRIUM REPLACEMENT,TPU ADMINISTRATIVE BUILDING NORTH ENTRY AND ATRIUM REPLACEMENT,3.0,,,4.0,1,,0.7990436886063121,0.8985396403847988
8.988852972884597,0.9980355921632855,A,B,A_50,B_50,CO,CO,1.0,GRAND JUNCTION,GRAND JUNCTION,1.0,81506,81523,0.0,2025 CONTRACT STREET MAINTENANCE NEIGHBORHOOD MILL & OVERLAY,2025 CONTRACT STREET MAINTENANCE NEIGHBORHOOD MILL AND OVERLAY,3.0,,,4.0,1,,0.7990436886063121,0.8985396403847988
8.988852972884597,0.9980355921632855,A,B,A_756,B_756,ON,ON,1.0,HAMILTON,HAMILTON,1.0,842,3,0.0,ROSEDALE ELEMENTARY SCHOOL GYM ADDITION & RENOVATION,ROSEDALE ELEMENTARY SCHOOL GYM ADDITION AND RENOVATION,3.0,,,4.0,1,,0.7977668562887951,0.8979012242260402
8.988852972884597,0.9980355921632855,A,B,A_145,B_145,GA,GA,1.0,WAYCROSS,WAYCROSS,1.0,31501,31537,0.0,"VERIZON WIRELESS - WAYCROSS, GA",VERIZON WIRELESS / WAYCROSS,3.0,,,4.0,1,,0.7973856209150327,0.8977106065391591
8.988852972884597,0.9980355921632855,A,B,A_844,B_844,WY,WY,1.0,SUNDANCE,SUNDANCE,1.0,82729,82701,0.0,"DOLLAR GENERAL - SUNDANCE, WY",DOLLAR GENERAL / SUNDANCE,3.0,,,4.0,1,,0.7952941176470588,0.8966648549051721
7.802986427573264,0.9955421374232053,A,B,A_55,B_55,OK,OK,1.0,OKLAHOMA CITY,OKLAHOMA CITY,1.0,73134,73018,0.0,BRAKES PLUS OKLAHOMA CITY OK,BRAKES PLUS / OKLAHOMA CITY,2.0,,,4.0,1,,0.7963800904977375,0.8959611139604714
8.988852972884597,0.9980355921632855,A,B,A_873,B_873,CA,CA,1.0,SANTA MARIA,SANTA MARIA,1.0,93454,93254,0.0,SPLASH N DASH CAR WASH/CAFE,SPLASH N DASH CARWASH,3.0,,,4.0,1,,0.7899159663865545,0.89397577927492
7.802986427573264,0.9955421374232053,A,B,A_975,B_975,CA,CA,1.0,REDDING,REDDING,1.0,96001,96084,0.0,REDDING RANCHERIA NEW TRIBAL HEALTH VILLAGE,REDDING RANCHERIA TRIBAL HEALTH VILLAGE,2.0,,,4.0,1,,0.7920097119523232,0.8937759246877642
4.6196191632188786,0.9609123259929564,A,B,A_945,B_945,AZ,AZ,1.0,MESA,MESA,1.0,85212,85138,0.0,GLENSCOTT,GLENSCOTT WAREHOUSE AND STORAGE,1.0,,,4.0,1,,0.8235294117647058,0.8922208688788311
4.6196191632188786,0.9609123259929564,A,B,A_539,B_539,TX,TX,1.0,LUBBOCK,LUBBOCK,1.0,79423,79041,0.0,NEKTER JUICE BAR,NEKTER JUICE BAR / KINGSGATE CENTER NORTH,1.0,,,4.0,1,,0.8235294117647058,0.8922208688788311
4.6196191632188786,0.9609123259929564,A,B,A_794,B_794,IN,IN,1.0,FORT WAYNE,FORT WAYNE,1.0,46845,46816,0.0,PEDIATRIC HOSPITAL,PEDIATRIC HOSPITAL / PARKVIEW REGIONAL MEDICAL CENTER CAMPUS,1.0,,,4.0,1,,0.8235294117647058,0.8922208688788311
4.6196191632188786,0.9609123259929564,A,B,A_92,B_92,ON,ON,1.0,MISSISSAUGA,MISSISSAUGA,1.0,4,9,0.0,SCARBORO STREET BRIDGE REPAIR,SCARBORO STREET BRIDGE REPAIR OVER WEST BRANCH OF MIMICO CREEK AND THE PEDESTRIA,1.0,,,4.0,1,,0.8235294117647058,0.8922208688788311
4.6196191632188786,0.9609123259929564,A,B,A_940,B_940,AZ,AZ,1.0,MESA,MESA,1.0,85206,85138,0.0,WALMART SUPERCENTER,WALMART SUPERCENTER #3799.1001 PARKING LOT REBUILD / MESA,1.0,,,4.0,1,,0.8235294117647058,0.8922208688788311
4.6196191632188786,0.9609123259929564,A,B,A_334,B_334,SD,SD,1.0,MADISON,MADISON,1.0,57042,57075,0.0,MADISON MUNICIPAL AIRPORT RECONSTRUCT APRON AND TAXILANE,MADISON MUNICIPAL AIRPORT,1.0,,,4.0,1,,0.8235294117647058,0.8922208688788311
4.6196191632188786,0.9609123259929564,A,B,A_371,B_371,TX,TX,1.0,SAN ANTONIO,SAN ANTONIO,1.0,78205,78113,0.0,LILA COCKRELL THEATRE UPGRADE,LILA COCKRELL THEATRE UPGRADE - 42-00063 - CITY OF SAN ANTONIO,1.0,,,4.0,1,,0.8235294117647058,0.8922208688788311
4.6196191632188786,0.9609123259929564,A,B,A_708,B_708,TX,TX,1.0,CLEBURNE,CLEBURNE,1.0,76033,76631,0.0,UTILITY IMPROVEMENTS PROJECT,"UTILITY IMPROVEMENTS PROJECT (ROBERTS, PHILLIPS, AND MAIN STREET)",1.0,,,4.0,1,,0.8235294117647058,0.8922208688788311
4.6196191632188786,0.9609123259929564,A,B,A_575,B_575,OH,OH,1.0,COLUMBUS,COLUMBUS,1.0,43215,43201,0.0,ASTOR PARK - A BLOCK APARTMENTS,ASTOR PARK,1.0,,,4.0,1,,0.8235294117647058,0.8922208688788311
7.802986427573264,0.9955421374232053,A,B,A_196,B_196,CA,CA,1.0,LA PUENTE,LA PUENTE,1.0,91744,91745,0.0,SENIOR GRANT PROGRAM CONSTRUCTION REHAB REBID,SENIOR GRANT PROGRAM CONSTRUCTION REHABILITATION,2.0,,,4.0,1,,0.7820069204152248,0.888774528919215
7.802986427573264,0.9955421374232053,A,B,A_86,B_86,MS,MS,1.0,JACKSON,JACKSON,1.0,39201,39044,0.0,DRUID HILL DRIVE INFRASTRUCTURE IMPROVEMENTS,DRUID HILL INFRASTRUCTURE IMPROVEMENTS,2.0,,,4.0,1,,0.7791177480954595,0.8873299427593324
7.802986427573264,0.9955421374232053,A,B,A_670,B_670,TN,TN,1.0,TULLAHOMA,TULLAHOMA,1.0,37388,37376,0.0,"JIMMY JOHNS (TULLAHOMA, TN)",JIMMY JOHNS / TULLAHOMA,2.0,,,4.0,1,,0.776470588235294,0.8860063628292496
7.802986427573264,0.9955421374232053,A,B,A_376,B_376,WA,WA,1.0,ZILLAH,ZILLAH,1.0,98953,99350,0.0,ZILLAH HEIGHTS ROAD BRIDGE REPLACEMENT,ZILLAH HEIGHTS ROAD BRIDGE #401,2.0,,,4.0,1,,0.7748478701825557,0.8851950038028805
7.802986427573264,0.9955421374232053,A,B,A_333,B_333,AZ,AZ,1.0,PHOENIX,PHOENIX,1.0,85008,85138,0.0,ATARI HOTEL (PHOENIX AZ),ATARI HOTEL / PHOENIX,2.0,,,4.0,1,,0.7718794835007174,0.8837108104619613
4.6196191632188786,0.9609123259929564,A,B,A_952,B_952,WA,WA,1.0,PORT ANGELES,PORT ANGELES,1.0,98362,98363,0.0,ELWHA TEMPORARY DIVERSION PUMPING FACILITY/BULKHEAD PROJECT,ELWHA - TEMPORARY DIVERSION PUMPING FACILITY/BULKHEAD PROJECT - WT0422 - CITY OF,1.0,,,4.0,1,,0.7996011964107677,0.880256761201862
7.802986427573264,0.9955421374232053,A,B,A_286,B_286,VA,VA,1.0,RICHMOND,RICHMOND,1.0,23219,22438,0.0,DOWNTOWN EXPRESSWAY GARAGE REPAIR,DOWNTOWN EXPRESSWAY GARAGE 901 E. CANAL STREET,2.0,,,4.0,1,,0.7647058823529411,0.8801240098880732
7.802986427573264,0.9955421374232053,A,B,A_619,B_619,FL,FL,1.0,JACKSONVILLE,JACKSONVILLE,1.0,32226,32091,0.0,IMESON LANDING BUSINESS PARK SOUTH BUILDING 700 (PHASE 3),IMESON LANDING BUSINESS PARK PHASE 3,2.0,,,4.0,1,,0.7593582887700534,0.8774502130966293
8.988852972884597,0.9980355921632855,A,B,A_762,B_762,VA,VA,1.0,HANOVER,HANOVER,1.0,23069,22438,0.0,WICKHAM BUILDING RENOVATION PHASE 3,WICKHAM BUILDING PHASE 3 RENOVATION,3.0,,,4.0,1,,0.7552941176470588,0.8766648549051721
7.802986427573264,0.9955421374232053,A,B,A_420,B_420,TX,TX,1.0,FORNEY,FORNEY,1.0,75126,75402,0.0,HAMPTON INN & SUITES AT TRAILHOUSE HOTEL,HAMPTON INN & SUITES - TRAILHOUSE LANE / FORNEY,2.0,,,4.0,1,,0.7576470588235293,0.8765945981233674
7.802986427573264,0.9955421374232053,A,B,A_571,B_571,TX,TX,1.0,MIDLAND,MIDLAND,1.0,79701,79706,0.0,I-20 WATER MAIN RE-ROUTE IMPROVEMENTS REBID,I-20 WATER MAIN RE-ROUTE PROJECT,2.0,,,4.0,1,,0.7573529411764706,0.8764475392998379
4.6196191632188786,0.9609123259929564,A,B,A_53,B_53,WI,WI,1.0,FITCHBURG,FITCHBURG,1.0,53719,53523,0.0,BUDS DRIVE & BASSWOOD DRIVE INTERSECTION RECONSTRUCTION,BUD'S DRIVE AND BASSWOOD DRIVE INTERSECTION RECONSTRUCTION,1.0,,,4.0,1,,0.7892532204378331,0.8750827732153947
4.6196191632188786,0.9609123259929564,A,B,A_902,B_902,OH,OH,1.0,COLUMBUS,COLUMBUS,1.0,43205,43201,0.0,NEWTON/BEDFORD WATER LINE IMPROVEMENTS,NEWTON / BEDFORD WATER LINE IMPROVEMENTS - CITY OF COLUMBUS,1.0,,,4.0,1,,0.7863777089783281,0.8736450174856423
7.802986427573264,0.9955421374232053,A,B,A_643,B_643,NC,NC,1.0,GATESVILLE,GATESVILLE,1.0,27938,27983,0.0,MERCHANTS MILLPOND CAMPGROUND IMPROVEMENTS,MERCHANTS MILLPOND STATE PARK CAMPGROUND IMPROVEMENTS,2.0,,,4.0,1,,0.7487339971550497,0.8721380672891275
4.6196191632188786,0.9609123259929564,A,B,A_27,B_27,CA,CA,1.0,EL CENTRO,EL CENTRO,1.0,92243,92004,0.0,SOUTHWEST HIGH SCHOOL NEW AQUATIC CENTER PHASE 1,"SOUTHWEST HIGH SCHOOL AQUATIC CENTER, PHASE I SITE UTILITIES AND DEMOLITION",1.0,,,4.0,1,,0.7774936061381074,0.8692029660655318
7.802986427573264,0.9955421374232053,A,B,A_898,B_898,AL,AL,1.0,DAPHNE,DAPHNE,1.0,36526,36512,0.0,2025 STREET RESURFACING,2025-B-STREET RESURFACING,2.0,,,4.0,1,,0.7374461979913917,0.8664941677072985
4.6196191632188786,0.9609123259929564,A,B,A_23,B_23,SD,SD,1.0,MILBANK,MILBANK,1.0,57252,57201,0.0,MILBANK 2025 WATER METER REPLACEMENT,MILBANK WATER METER REPLACEMENT - 2025,1.0,,,4.0,1,,0.7708516242317822,0.8658819751123693
4.6196191632188786,0.9609123259929564,A,B,A_939,B_939,TX,TX,1.0,SAN ANTONIO,SAN ANTONIO,1.0,78205,78113,0.0,GRAND HYATT HOTEL SAN ANTONIO RIVER WALK,GRAND HYATT SAN ANTONIO RIVER WALK RENOVATION,1.0,,,4.0,1,,0.766295707472178,0.8636040167325671
7.802986427573264,0.9955421374232053,A,B,A_807,B_807,NC,NC,1.0,DURHAM,DURHAM,1.0,27704,27705,0.0,WELCOME VENTURE PARK BUILDING H,WELCOME VENTURE PARK PHASE 3,2.0,,,4.0,1,,0.7226890756302522,0.8591156065267287
7.802986427573264,0.9955421374232053,A,B,A_845,B_845,NC,NC,1.0,CHARLOTTE,CHARLOTTE,1.0,28208,29732,0.0,PAVEMENT IMPROVEMENT - CHARLOTTE,PAVEMENT IMPROVEMENT PROJECT,2.0,,,4.0,1,,0.7226890756302522,0.8591156065267287
7.802986427573264,0.9955421374232053,A,B,A_435,B_435,MT,MT,1.0,MISSOULA,MISSOULA,1.0,59802,59808,0.0,MISSOULA ART MUSEUM CONSTRUCTION OF NEW ENTRY VESTIBULE,MISSOULA ART MUSEUM NEW ENTRY VESTIBULE,2.0,,,4.0,1,,0.7225622937763113,0.8590522155997583
7.802986427573264,0.9955421374232053,A,B,A_591,B_591,TN,TN,1.0,MEMPHIS,MEMPHIS,1.0,38141,38116,0.0,LIFESCIENCE LOGISTICS FACILITY,LIFESCIENCE LOGISTICS / MEMPHIS,2.0,,,4.0,1,,0.7149321266968326,0.855237132060019
4.6196191632188786,0.9609123259929564,A,B,A_695,B_695,ON,ON,1.0,MISSISSAUGA,MISSISSAUGA,1.0,519,9,0.0,JIM TOVEY LAKEVIEW BRIDGES AND BOARDWALK CONSTRUCTION,JIM TOVEY LAKEVIEW CONSERVATION AREA BRIDGES AND BOARDWALK CONSTRUCTION,1.0,,,4.0,1,,0.7444022770398483,0.8526573015164023
7.802986427573264,0.9955421374232053,A,B,A_498,B_498,TX,TX,1.0,SAN ANTONIO,SAN ANTONIO,1.0,78249,78113,0.0,HCA SAN ANTONIO DIVISION MARKET LABORATORY,HCA SAN ANTONIO DIV MARKET LAB,2.0,,,4.0,1,,0.7081447963800906,0.8518434669016479
4.6196191632188786,0.9609123259929564,A,B,A_915,B_915,FL,FL,1.0,DEERFIELD BEACH,DEERFIELD BEACH,1.0,33441,,0.0,DEERFIELD BEACH MARTIN LUTHER KING JR AVE STORMWATER IMPROVE,DEERFIELD BEACH AQUATIC CENTER STORMWATER IMPROVEMENTS,1.0,,,4.0,1,,0.7421052631578948,0.8515087945754256
,0.8611111111111112,A,B,A_302,B_302,FL,FL,,PENSACOLA,PENSACOLA,,32526,,,JAKER APARTMENTS,JAKER LANE MULTIFAMILY APARTMENTS,,,,,1,999.0,0.8412698412698415,0.8511904761904763
4.6196191632188786,0.9609123259929564,A,B,A_553,B_553,WI,WI,1.0,NEENAH,NEENAH,1.0,54956,53042,0.0,2025 FOX CROSSING WATER MAIN & SANITARY SEWER EXTENSIONS,2025 WATER MAIN & SANITARY SEWER EXTENSIONS CLAYTON AVENUE & LARSEN ROAD,1.0,,,4.0,1,,0.7308377896613191,0.8458750578271377
7.802986427573264,0.9955421374232053,A,B,A_749,B_749,NC,NC,1.0,CONCORD,CONCORD,1.0,28027,29732,0.0,CUSTOM FLAVORS MANUFACTURING FACILITY,CUSTOM FLAVORS PRODUCTION FACILITY,2.0,,,4.0,1,,0.6887567620254398,0.8421494497243225
4.6196191632188786,0.9609123259929564,A,B,A_802,B_802,WA,WA,1.0,TACOMA,TACOMA,1.0,98405,98323,0.0,AFFORDABLE HOUSING DEVELOPMENT,AFFORDABLE HOMEOWNERSHIP HOUSING DEVELOPMENT,1.0,,,4.0,1,,0.7222257551669317,0.8415690405799441
4.6196191632188786,0.9609123259929564,A,B,A_785,B_785,VA,VA,1.0,VIRGINIA BEACH,VIRGINIA BEACH,1.0,23455,,0.0,INDEPENDENCE BOULEVARD FORCE MAIN REPLACEMENT PHASE II,INDEPENDENCE BOULEVARD / EDWIN DRIVE INTERSECTION - PG100482 - CITY OF VIRGINIA,1.0,,,4.0,1,,0.720496894409938,0.8407046102014473
4.6196191632188786,0.9609123259929564,A,B,A_388,B_388,VT,VT,1.0,WOODFORD,WOODFORD,1.0,05201,05262,0.0,WOODFORD STATE PARK WATER UTILITY IMPROVEMENTS,WOODFORD STATE PARK WATER DISTRIBUTION UTILITY IMPROVEMENTS PROJECT,1.0,,,4.0,1,,0.7196103220049082,0.8402613239989323
4.6196191632188786,0.9609123259929564,A,B,A_454,B_454,NV,NV,1.0,RENO,RENO,1.0,89510,96109,0.0,FIRST AVENUE REHABILITATION,FIRST STREET REHABILITATION PROJECT,1.0,,,4.0,1,,0.7189542483660131,0.8399332871794847
4.6196191632188786,0.9609123259929564,A,B,A_81,B_81,TX,TX,1.0,BOWIE,BOWIE,1.0,76230,73565,0.0,FIRST BAPTIST CHURCH FAMILY LIFE CENTER,FIRST BAPTIST CHURCH BOWIE ADDITION / FAMILY LIFE CENTER,1.0,,,4.0,1,,0.7188629327329018,0.8398876293629292
7.802986427573264,0.9955421374232053,A,B,A_233,B_233,WI,WI,1.0,WAUPACA,WAUPACA,1.0,54981,54923,0.0,WAUPACA RECREATION CENTER EXPANSION,WAUPACA RECREATION CENTER BOILER REPLACEMENTS,2.0,,,4.0,1,,0.6823529411764706,0.838947539299838
4.6196191632188786,0.9609123259929564,A,B,A_102,B_102,CA,CA,1.0,WEST SACRAMENTO,WEST SACRAMENTO,1.0,95605,95912,0.0,RESIDENCE INN HOTEL,RESIDENCE INN / WEST SACRAMENTO,1.0,,,4.0,1,,0.7165775401069518,0.8387449330499541
7.802986427573264,0.9955421374232053,A,B,A_368,B_368,TX,TX,1.0,MOUNT VERNON,MOUNT VERNON,1.0,75457,75686,0.0,LOVE'S TRAVEL STOP #279 RAZE & REBUILD,LOVE'S TRAVEL STOP #279 INTERIOR REMODEL,2.0,,,4.0,1,,0.6782006920415226,0.8368714147323639
7.802986427573264,0.9955421374232053,A,B,A_812,B_812,WI,WI,1.0,MAUSTON,MAUSTON,1.0,53948,54646,0.0,SANDRIDGE SECURE TREATMENT FACILITY REPAIR DUPLICATE REPORT,SANDRIDGE SECURE TREATMENT FACILITY MULTI BUILDING ENVELOPE REPAIR,2.0,,,4.0,1,,0.6767617938264414,0.8361519656248233
4.6196191632188786,0.9609123259929564,A,B,A_374,B_374,SD,SD,1.0,SIOUX FALLS,SIOUX FALLS,1.0,57104,57075,0.0,SURFACE TREATMENT PROGRAM - SLURRY SEAL,SURFACE TREATMENT PROGRAM - 11074 - CITY OF SIOUX FALLS,1.0,,,4.0,1,,0.7076382791922738,0.8342753025926151
4.6196191632188786,0.9609123259929564,A,B,A_764,B_764,WA,WA,1.0,SPOKANE,SPOKANE,1.0,99201,83804,0.0,"LULULEMON RIVER PARK SQUARE - SPOKANE, WA",LULULEMON #10644 - RIVER PARK SQUARE / SPOKANE,1.0,,,4.0,1,,0.7043654643266601,0.8326388951598083
4.6196191632188786,0.9609123259929564,A,B,A_202,B_202,CO,CO,1.0,FRUITA,FRUITA,1.0,81521,81523,0.0,2025 FRUITA ROAD OVERLAY,2025 ROAD OVERLAY PROJECT,1.0,,,4.0,1,,0.703012912482066,0.8319626192375111
4.6196191632188786,0.9609123259929564,A,B,A_384,B_384,VA,VA,1.0,MIDLOTHIAN,MIDLOTHIAN,1.0,23114,23824,0.0,NORTH HALLSLEY SINGLE-FAMILY RESIDENTIAL SUBDIVISION-POOL,NORTH HALLSLEY RESIDENTIAL,1.0,,,4.0,1,,0.7007672634271098,0.8308397947100331
4.6196191632188786,0.9609123259929564,A,B,A_58,B_58,CO,CO,1.0,COLORADO SPRINGS,COLORADO SPRINGS,1.0,80917,80921,0.0,DOHERTY HIGH SCHOOL FIELD HOUSE,DOHERTY FIELD HOUSE,1.0,,,4.0,1,,0.6994224598930481,0.8301673929430022
2.092929861270442,0.8101074384831158,A,B,A_848,B_848,TX,TX,1.0,LEWISVILLE,LEWISVILLE,1.0,75067,75067,1.0,SPEC OFFICE SUITE,ALLIANCE IRONHEAD LOGISTICS CENTER BLDG. 1 SPEC OFFICE,0.0,,,4.0,1,,0.8487394957983193,0.8294234671407176
2.092929861270442,0.8101074384831158,A,B,A_607,B_848,TX,TX,1.0,LEWISVILLE,LEWISVILLE,1.0,75067,75067,1.0,SPEC OFFICE SUITE,ALLIANCE IRONHEAD LOGISTICS CENTER BLDG. 1 SPEC OFFICE,0.0,,,4.0,1,,0.8487394957983193,0.8294234671407176
2.092929861270442,0.8101074384831158,A,B,A_621,B_848,TX,TX,1.0,LEWISVILLE,LEWISVILLE,1.0,75067,75067,1.0,SPEC OFFICE SUITE,ALLIANCE IRONHEAD LOGISTICS CENTER BLDG. 1 SPEC OFFICE,0.0,,,4.0,1,,0.8487394957983193,0.8294234671407176
2.092929861270442,0.8101074384831158,A,B,A_274,B_848,TX,TX,1.0,LEWISVILLE,LEWISVILLE,1.0,75067,75067,1.0,SPEC OFFICE SUITE,ALLIANCE IRONHEAD LOGISTICS CENTER BLDG. 1 SPEC OFFICE,0.0,,,4.0,1,,0.8487394957983193,0.8294234671407176
2.092929861270442,0.8101074384831158,A,B,A_490,B_848,TX,TX,1.0,LEWISVILLE,LEWISVILLE,1.0,75067,75067,1.0,SPEC OFFICE SUITE,ALLIANCE IRONHEAD LOGISTICS CENTER BLDG. 1 SPEC OFFICE,0.0,,,4.0,1,,0.8487394957983193,0.8294234671407176
2.092929861270442,0.8101074384831158,A,B,A_587,B_848,TX,TX,1.0,LEWISVILLE,LEWISVILLE,1.0,75067,75067,1.0,SPEC OFFICE SUITE,ALLIANCE IRONHEAD LOGISTICS CENTER BLDG. 1 SPEC OFFICE,0.0,,,4.0,1,,0.8487394957983193,0.8294234671407176
2.092929861270442,0.8101074384831158,A,B,A_624,B_848,TX,TX,1.0,LEWISVILLE,LEWISVILLE,1.0,75067,75067,1.0,SPEC OFFICE SUITE,ALLIANCE IRONHEAD LOGISTICS CENTER BLDG. 1 SPEC OFFICE,0.0,,,4.0,1,,0.8487394957983193,0.8294234671407176
2.092929861270442,0.8101074384831158,A,B,A_866,B_848,TX,TX,1.0,LEWISVILLE,LEWISVILLE,1.0,75067,75067,1.0,SPEC OFFICE SUITE,ALLIANCE IRONHEAD LOGISTICS CENTER BLDG. 1 SPEC OFFICE,0.0,,,4.0,1,,0.8487394957983193,0.8294234671407176
4.6196191632188786,0.9609123259929564,A,B,A_363,B_363,CA,CA,1.0,INDIO,INDIO,1.0,92201,,0.0,INDIO GATEWAY INDUSTRIAL BUILDING A,INDIO AGRICULTURAL SUPPORT BUILDING,1.0,,,4.0,1,,0.6974789915966386,0.8291956587947975
2.092929861270442,0.8101074384831158,A,B,A_830,B_75,IL,IL,1.0,ELK GROVE VILLAGE,ELK GROVE VILLAGE,1.0,60007,60007,1.0,2024 RESIDENTIAL RESURFACING,2025 STREET RESURFACING PROJECT,0.0,,,4.0,1,,0.8477508650519031,0.8289291517675095
4.6196191632188786,0.9609123259929564,A,B,A_8,B_8,IL,IL,1.0,EDWARDSVILLE,EDWARDSVILLE,1.0,62025,62014,0.0,NEW PUBLIC SAFETY FACILITY SITUATIONAL AWARENESS ROOM,NEW PUBLIC SAFETY FACILITY - TENANT FIT OUT,1.0,,,4.0,1,,0.6968325791855204,0.8288724525892384
4.6196191632188786,0.9609123259929564,A,B,A_602,B_602,KY,KY,1.0,FRANKFORT,FRANKFORT,1.0,40601,40342,0.0,KENTUCKY ABANDONED ST AND ORPHAN WELL RECLAMATION REBID,KENTUCKY ABANDONED STORAGE TANK AND ORPHAN WELL RECLAMATION PROGRAM (KASTOW) BUT,1.0,,,4.0,1,,0.695187165775401,0.8280497458841787
4.6196191632188786,0.9609123259929564,A,B,A_236,B_236,ON,ON,1.0,WATERLOO,WATERLOO,1.0,244,0,0.0,WATERLOO WWTP ? SECONDARY CLARIFIER #3 & #4,WATERLOO WASTE WATER TREATMENT PLANT (WWTP) - SECONDARY CLARIFIER #3 AND #4 LAUN,1.0,,,4.0,1,,0.6922024623803009,0.8265573941866287
4.6196191632188786,0.9609123259929564,A,B,A_479,B_479,UT,UT,1.0,OGDEN,OGDEN,1.0,84401,84037,0.0,470 30TH STREET REHABILATION,470 30TH ST - REHAB,1.0,,,4.0,1,,0.6911764705882354,0.8260443982905958
4.6196191632188786,0.9609123259929564,A,B,A_415,B_415,TX,TX,1.0,WALLER,WALLER,1.0,77445,77484,0.0,CONSTRUCTION OF WATER SANITARY SEWER & DRAINAGE FACILITIES,"CONSTRUCTION OF WATER, SANITARY, DRAINAGE AND PAVING FACILITIES IN GRANGE SECTIO",1.0,,,4.0,1,,0.6907396622015143,0.8258259940972353
4.6196191632188786,0.9609123259929564,A,B,A_209,B_415,TX,TX,1.0,WALLER,WALLER,1.0,77445,77484,0.0,CONSTRUCTION OF WATER SANITARY SEWER & DRAINAGE FACILITIES,"CONSTRUCTION OF WATER, SANITARY, DRAINAGE AND PAVING FACILITIES IN GRANGE SECTIO",1.0,,,4.0,1,,0.6907396622015143,0.8258259940972353
4.6196191632188786,0.9609123259929564,A,B,A_63,B_63,OR,OR,1.0,BEAVERTON,BEAVERTON,1.0,97005,97301,0.0,NORTH TRANSMISSION LINE INTERTIE AND TRANSMISSION,NORTH TRANSMISSION LINE INTERTIE BP 06 PAVEMENT STRIPING AND MARKINGS - CITY OF,1.0,,,4.0,1,,0.6857962697274033,0.8233542978601798
4.6196191632188786,0.9609123259929564,A,B,A_766,B_837,CO,CO,1.0,BROOMFIELD,BROOMFIELD,1.0,80020,80023,0.0,2025 PLAYGROUND REPLACEMENT PROJECT,2025 CONCRETE REPLACEMENT PROJECT,1.0,,,4.0,1,,0.6843197960298671,0.8226160610114117
4.6196191632188786,0.9609123259929564,A,B,A_192,B_192,OH,OH,1.0,COLUMBUS,COLUMBUS,1.0,43219,43201,0.0,PLAYGROUND & SITE IMPROVEMENTS REBID,PLAYGROUND IMPROVEMENTS PROJECT,1.0,,,4.0,1,,0.6828709079523319,0.8218916169726441
4.6196191632188786,0.9609123259929564,A,B,A_622,B_622,ON,ON,1.0,OTTAWA,OTTAWA,1.0,2,7,0.0,O'CONNOR-SOMERSET APARTMENT BUILDING DEVELOPMENT,O'CONNOR ST APARTMENT BUILDING,1.0,,,4.0,1,,0.6823529411764706,0.8216326335847135
4.6196191632188786,0.9609123259929564,A,B,A_438,B_438,ON,ON,1.0,TORONTO,TORONTO,1.0,6,0,0.0,CHRISTIE STREET TOWNHOMES DEVELOPMENT,CHRISTIE STREET - INFILL TOWNHOUSES,1.0,,,4.0,1,,0.6823529411764706,0.8216326335847135
4.6196191632188786,0.9609123259929564,A,B,A_314,B_314,IL,IL,1.0,EDDYVILLE,EDDYVILLE,1.0,62928,62812,0.0,MILLSTONE WATER MAIN EXTENSION,MILLSTONE WATER DISTRICT: WATER MAIN EXTENSION ON BAY CITY ROAD AND WATER MAIN E,1.0,,,4.0,1,,0.6823529411764706,0.8216326335847135
16.0667646266215,0.9999854314748834,A,B,A_380,B_214,IL,IL,1.0,ELK GROVE VILLAGE,ELK GROVE VILLAGE,1.0,60007,60007,1.0,2025 ELK GROVE PARK DISTRICT LIFT STATION REBUILD,2025 PLAYGROUND RENOVATIONS PROJECT - SITE WORK,1.0,,,4.0,1,,0.6348884381338742,0.8174369348043788
4.6196191632188786,0.9609123259929564,A,B,A_59,B_59,ON,ON,1.0,TORONTO,TORONTO,1.0,5,0,0.0,BERKELEY HOUSE MIXED USE DEVELOPMENT,BERKELEY HOUSE - MIXED-USE CONDO BUILDING,1.0,,,4.0,1,,0.6737967914438502,0.8173545587184032
4.6196191632188786,0.9609123259929564,A,B,A_917,B_917,OH,OH,1.0,CLEVELAND,CLEVELAND,1.0,44114,,0.0,CLEVELAND SEWERS REPLACEMENT,CLEVELAND STATION ENTRANCE DOOR PROJECT,1.0,,,4.0,1,,0.6734693877551021,0.8171908568740293
2.092929861270442,0.8101074384831158,A,B,A_628,B_961,MN,MN,1.0,LONG PRAIRIE,LONG PRAIRIE,1.0,56347,56347,1.0,2025 BITUMINOUS PROJECTS,BITUMINOUS SEALCOAT,0.0,,,4.0,1,,0.8142414860681115,0.8121744622756137
4.6196191632188786,0.9609123259929564,A,B,A_730,B_730,MI,MI,1.0,ROYAL OAK,ROYAL OAK,1.0,48073,48444,0.0,CITIZENS STATE BANK OF ROYAL OAK,CITIZENS STATE BANK HEADQUARTERS,1.0,,,4.0,1,,0.6606334841628958,0.8107729050779261
4.6196191632188786,0.9609123259929564,A,B,A_162,B_162,ON,ON,1.0,CAMBRIDGE,CAMBRIDGE,1.0,133,3,0.0,TAIT STREET PUBLIC SCHOOL CEILINGS & WASHROOM RENOVATION,TAIT PUBLIC SCHOOL LIBRARY RENOVATION,1.0,,,4.0,1,,0.6592065147272698,0.810059420360113
4.6196191632188786,0.9609123259929564,A,B,A_293,B_293,VA,VA,1.0,NORFOLK,NORFOLK,1.0,23511,,0.0,NNSY BUILDING 19 PWD FACILITY RENOVATION,NNSY BUILDING 1733 INSTALL PERMANENT GENERATOR,1.0,,,4.0,1,,0.6571428571428571,0.8090275915679068
4.6196191632188786,0.9609123259929564,A,B,A_977,B_977,FL,FL,1.0,GAINESVILLE,GAINESVILLE,1.0,32641,32091,0.0,EASTSIDE HIGH SCHOOL RENOVATION/MODERNIZATION,EASTSIDE HIGH SCHOOL SECURITY UPGRADES,1.0,,,4.0,1,,0.6499517839922854,0.8054320549926208
4.6196191632188786,0.9609123259929564,A,B,A_841,B_841,LA,LA,1.0,VILLE PLATTE,VILLE PLATTE,1.0,70586,71327,0.0,WARD ONE INDUSTRIAL PARK INFRASTRUCTURE IMPROVEMENTS,WARD ONE INDUSTRIAL PARK REPLACEMENT AND ENLARGEMENT OF WASTEWATER TREATMENT PLA,1.0,,,4.0,1,,0.6470588235294117,0.803985574761184
4.6196191632188786,0.9609123259929564,A,B,A_823,B_823,NV,NV,1.0,HENDERSON,HENDERSON,1.0,89044,89002,0.0,CITY-WIDE BIKE LANE IMPROVEMENTS,CITY-WIDE TRAFFIC SIGNAL IMPROVEMENTS,1.0,,,4.0,1,,0.6460127166808753,0.8034625213369159
4.6196191632188786,0.9609123259929564,A,B,A_656,B_656,WY,WY,1.0,GILLETTE,GILLETTE,1.0,82717,82718,0.0,SUTHERLAND SUBDIVISION WATER MAIN VALVE REPLACEMENT,SUTHERLAND SUBDIVISION VALVE PROJECT PHASE 2,1.0,,,4.0,1,,0.6447058823529411,0.8028091041729488
4.6196191632188786,0.9609123259929564,A,B,A_313,B_313,OH,OH,1.0,COLUMBUS,COLUMBUS,1.0,43215,43201,0.0,DOSD STORMWATER PUMP STATION ST 29 EVALUATION AND UPGRADE,DOSD STORMWATER PUMP STATIONS CONSTRUCTION - CITY OF COLUMBUS,1.0,,,4.0,1,,0.6435986159169551,0.8022554709549558
4.6196191632188786,0.9609123259929564,A,B,A_127,B_127,MI,MI,1.0,BRUCE TOWNSHIP,BRUCE TOWNSHIP,1.0,48065,48444,0.0,32 MILE RD & ELDRED RD PAVEMENT RECONSTRUCTION,32 MILE ROAD AND ELDRED ROAD INTERSECTION,1.0,,,4.0,1,,0.6425339366515838,0.8017231313222701
4.6196191632188786,0.9609123259929564,A,B,A_393,B_393,NH,NH,1.0,SEABROOK,SEABROOK,1.0,03874,03833,0.0,CHICK-FIL-A RESTAURANT (SEABROOK NH),CHICK-FIL-A / SEABROOK,1.0,,,4.0,1,,0.6420168067226891,0.8014645663578228
4.6196191632188786,0.9609123259929564,A,B,A_169,B_169,ON,ON,1.0,BRAMPTON,BRAMPTON,1.0,642,9,0.0,WILLIAMS PARKWAY WORKS YARD PHASE 3,WILLIAMS PARKWAY OPERATIONS CENTRE - PHASE 3,1.0,,,4.0,1,,0.6384450790321786,0.7996787025125676
4.6196191632188786,0.9609123259929564,A,B,A_143,B_143,ON,ON,1.0,BROCKVILLE,BROCKVILLE,1.0,6,7,0.0,SWIFT WATERS ELEM SCHOOL SHADE STRUCTURE,SWIFT WATERS ELEMENTARY SCHOOL - CONCRETE SHED,1.0,,,4.0,1,,0.6358897989575577,0.7984010624752571
4.6196191632188786,0.9609123259929564,A,B,A_720,B_720,MT,MT,1.0,BUTTE,BUTTE,1.0,59701,59762,0.0,MIKE MANSFIELD FB/COURTHOUSE SEISMIC RETROFIT,MIKE MANSFIELD FEDERAL BUILDING AND U.S. COURTHOUSE SEISMIC RETROFIT AND LIMITED,1.0,,,4.0,1,,0.6352941176470589,0.7981032218200077
4.6196191632188786,0.9609123259929564,A,B,A_176,B_176,TN,TN,1.0,MEMPHIS,MEMPHIS,1.0,38103,38116,0.0,DREAM HOTEL MIXED USE BUILDING,DREAM MEMPHIS HOTEL,1.0,,,4.0,1,,0.6352941176470589,0.7981032218200077
4.6196191632188786,0.9609123259929564,A,B,A_212,B_212,UT,UT,1.0,SALT LAKE CITY,SALT LAKE CITY,1.0,84117,84037,0.0,WASATCH BOULEVARD BIKE LANE IMPROVEMENTS,WASATCH DRIVE ROAD IMPROVEMENTS - PHASE 2,1.0,,,4.0,1,,0.6346313173156587,0.7977718216543075
4.6196191632188786,0.9609123259929564,A,B,A_298,B_298,NH,NH,1.0,SALEM,SALEM,1.0,03079,03833,0.0,2025 NEIGHBORHOOD ROADWAY RECONSTRUCTION,2025 NEIGHBORHOOD IMPROVEMENT PROJECT,1.0,,,4.0,1,,0.6310160427807487,0.7959641843868526
4.6196191632188786,0.9609123259929564,A,B,A_537,B_537,TX,TX,1.0,SAN ANTONIO,SAN ANTONIO,1.0,78205,78113,0.0,CENTRAL LIBRARY / TEXANA RESOURCE CENTER RENOVATIONS,CENTRAL LIBRARY RENOVATIONS AND UPGRADES - CITY OF SAN ANTONIO,1.0,,,4.0,1,,0.6252478519497688,0.7930800889713626
2.092929861270442,0.8101074384831158,A,B,A_174,B_263,OK,OK,1.0,TAHLEQUAH,TAHLEQUAH,1.0,74464,74464,1.0,WATER SYSTEM IMPROVEMENTS,FFA OKLAHOMA ALUMNI CAMP FORT GIBSON LAKE CAMPUS IMPROVEMENTS & RENOVATIONS,0.0,,,4.0,1,,0.7741176470588236,0.7921125427709697
,0.8289855072463768,A,B,A_568,B_568,MO,MO,,CREVE COEUR,CREVE COEUR,,63141,62014,,NEW BALLAS ROAD IMPROVEMENT - PHASE 1,NEW BALLAS IMPROVEMENTS - PHASE 2 - SOUTH NEW BALLAS - CITY OF CREVE COEUR,,,,,1,999.0,0.7519181585677749,0.7904518329070758
4.6196191632188786,0.9609123259929564,A,B,A_649,B_649,NC,NC,1.0,HIGH POINT,HIGH POINT,1.0,27260,27265,0.0,WASHINGTON ST UTILITY UNDERGROUNDING,WASHINGTON STREET WATER MAIN,1.0,,,4.0,1,,0.619607843137255,0.7902600845651058
4.6196191632188786,0.9609123259929564,A,B,A_505,B_505,ON,ON,1.0,BRAMPTON,BRAMPTON,1.0,631,9,0.0,CLARKWAY DRIVE MIXED USE DEVELOPMENT,CLARKWAY DRIVE MULTI RESIDENTIAL APARTMENT,1.0,,,4.0,1,,0.6171945701357466,0.7890534480643515
4.6196191632188786,0.9609123259929564,A,B,A_324,B_324,KY,KY,1.0,LEXINGTON,LEXINGTON,1.0,40503,40342,0.0,KROGER FIELD FOOTBALL STADIUM MAINTENANCE,KROGER FIELD STADIUM RENOVATIONS - LEXINGTON,1.0,,,4.0,1,,0.6171945701357466,0.7890534480643515
4.6196191632188786,0.9609123259929564,A,B,A_270,B_270,AB,AB,1.0,EDMONTON,EDMONTON,1.0,623,0,0.0,BRIDGE CULVERT REPLACEMENT AND OTHER WORK,BRIDGE REHABILITATION AND OTHER WORK,1.0,,,4.0,1,,0.616372853153039,0.7886425895729977
4.6196191632188786,0.9609123259929564,A,B,A_486,B_486,WY,WY,1.0,EVANSVILLE,EVANSVILLE,1.0,82636,82637,0.0,TOWN OF EVANSVILLE WATER TREATMENT PLANT UPGRADES,TOWN OF EVANSVILLE 2025 SIDEWALKS PROJECT,1.0,,,4.0,1,,0.6147473073736537,0.7878298166833051
4.6196191632188786,0.9609123259929564,A,B,A_396,B_396,UT,UT,1.0,MAGNA,MAGNA,1.0,84044,84037,0.0,MAGNA WATER LINE REPLACEMENT,MAGNA RECREATION CENTER - CHILLER REPLACEMENT,1.0,,,4.0,1,,0.6143790849673203,0.7876457054801383
4.6196191632188786,0.9609123259929564,A,B,A_795,B_795,WY,WY,1.0,CASPER,CASPER,1.0,82609,82637,0.0,KELLY WALSH HIGH SCHOOL SOCCER CONCESSIONS BUILDING,KELLY WALSH HIGH SCHOOL PARKING LOT MODIFICATIONS,1.0,,,4.0,1,,0.6140917905623787,0.7875020582776675
4.6196191632188786,0.9609123259929564,A,B,A_119,B_119,TX,TX,1.0,SAN ANTONIO,SAN ANTONIO,1.0,78223,78113,0.0,SAN ANTONIO STATE HOSPITAL ALAMO HALL MSU RENOVATIONS,SAN ANTONIO STATE HOSPITAL MAXIMUM SECURITY UNIT ADDITION - TEXAS HEALTH & HUMAN,1.0,,,4.0,1,,0.6132665832290364,0.7870894546109963
4.6196191632188786,0.9609123259929564,A,B,A_366,B_366,IL,IL,1.0,CHAMPAIGN,CHAMPAIGN,1.0,61821,61849,0.0,CLARK PARK PLAYGROUND RENOVATION,CLARK PARK IMPROVEMENTS,1.0,,,4.0,1,,0.6101231190150478,0.7855177225040021
4.6196191632188786,0.9609123259929564,A,B,A_714,B_714,LA,LA,1.0,NEW ORLEANS,NEW ORLEANS,1.0,70117,70126,0.0,MARAD POLAND STREET WHARF,MARAD DOT WHARF,1.0,,,4.0,1,,0.6100271493212669,0.7854697376571116
4.6196191632188786,0.9609123259929564,A,B,A_950,B_950,ON,ON,1.0,OTTAWA,OTTAWA,1.0,112,7,0.0,ST LAURENT MIXED USE TOWERS,ST LAURENT BLVD MULTI-RESIDENTIAL TOWERS,1.0,,,4.0,1,,0.6098086285970394,0.7853604772949979
4.6196191632188786,0.9609123259929564,A,B,A_294,B_294,FL,FL,1.0,ORLANDO,ORLANDO,1.0,32818,32168,0.0,SILVER STAR RETAIL DEVELOPMENT,SILVER STAR ROAD COMMERCIAL CENTER,1.0,,,4.0,1,,0.6063348416289592,0.7836235838109578
4.6196191632188786,0.9609123259929564,A,B,A_408,B_408,TX,TX,1.0,MCALLEN,MCALLEN,1.0,78501,,0.0,MCALLEN PUBLIC SAFETY BUILDING REMODEL,MCALLEN HIGH SCHOOL SECURITY SURVEILLANCE,1.0,,,4.0,1,,0.6061776061776062,0.7835449660852813
4.6196191632188786,0.9609123259929564,A,B,A_199,B_408,TX,TX,1.0,MCALLEN,MCALLEN,1.0,78501,,0.0,MCALLEN PUBLIC SAFETY BUILDING REMODEL,MCALLEN HIGH SCHOOL SECURITY SURVEILLANCE,1.0,,,4.0,1,,0.6061776061776062,0.7835449660852813
4.6196191632188786,0.9609123259929564,A,B,A_341,B_341,TX,TX,1.0,MIDLOTHIAN,MIDLOTHIAN,1.0,76065,76631,0.0,CHICK-FIL-A RESTAURANT MIDLOTHIAN DRIVE THRU EXPANSION,CHICK-FIL-A / MIDLOTHIAN,1.0,,,4.0,1,,0.599713055954089,0.7803126909735227
2.092929861270442,0.8101074384831158,A,B,A_616,B_115,MO,MO,1.0,VAN BUREN,VAN BUREN,1.0,63965,63965,1.0,PAVEMENT PRESERVATION,"BIRCH TREE, MISSOURI - STREETS IMPROVEMENT PROJECT",0.0,,,4.0,1,,0.739938080495356,0.7750227594892359
4.6196191632188786,0.9609123259929564,A,B,A_625,B_625,ON,ON,1.0,OTTAWA,OTTAWA,1.0,1,7,0.0,WELLINGTON STREET WEST MIXED USE DEVELOPMENT,WELLINGTON STREET & PARKDALE AVE MIXED-USE RESIDENTIAL BUILDING,1.0,,,4.0,1,,0.5882352941176471,0.7745738100553017
4.6196191632188786,0.9609123259929564,A,B,A_748,B_748,ON,ON,1.0,WINDSOR,WINDSOR,1.0,827,0,0.0,LAUZON ROAD CONDOMINIUMS,LAUZON ROAD APARTMENT BUILDING - PHASE 3,1.0,,,4.0,1,,0.5882352941176471,0.7745738100553017
4.6196191632188786,0.9609123259929564,A,B,A_668,B_668,CO,CO,1.0,BROOMFIELD,BROOMFIELD,1.0,80020,80023,0.0,REDTAIL RIDGE MIXED USE DEVELOPMENT MASTER REPORT,REDTAIL RIDGE - FORMER PHILLIPS 66 MIXED-USE DEVELOPMENT,1.0,,,4.0,1,,0.5858823529411763,0.7733973394670663
4.6196191632188786,0.9609123259929564,A,B,A_974,B_974,IL,IL,1.0,RIVERTON,RIVERTON,1.0,62561,62612,0.0,RIVERTON ELEMENTARY PLAYGROUND IMPROVEMENTS,RIVERTON ELEMENTARY SCHOOL - PAINT UPPER-LEVEL CEILING,1.0,,,4.0,1,,0.5808823529411765,0.7708973394670664
4.6196191632188786,0.9609123259929564,A,B,A_290,B_290,SD,SD,1.0,SIOUX FALLS,SIOUX FALLS,1.0,57104,57075,0.0,ASPHALT REPAIR AND REPLACEMENT,ASPHALT SURFACE TREATMENT - VARIOUS LOCATIONS,1.0,,,4.0,1,,0.5796791443850267,0.7702957351889915
4.6196191632188786,0.9609123259929564,A,B,A_630,B_630,OH,OH,1.0,COLUMBUS,COLUMBUS,1.0,43215,43201,0.0,NORTH MARKET BUILDING ALTERATION,NORTH BANK PAVILION RENOVATION,1.0,,,4.0,1,,0.573055028462998,0.7669836772279772
4.6196191632188786,0.9609123259929564,A,B,A_103,B_103,ND,ND,1.0,BISMARCK,BISMARCK,1.0,58501,58554,0.0,CONSTRUCTION OF NAWS INTAKE AND SNAKE CREEK DUPLICATE REPORT,CONSTRUCTION OF NORTHWEST AREA WATER SUPPLY (NAWS) PROJECT INTAKE AND SNAKE CREE,1.0,,,4.0,1,,0.5661681124931697,0.763540219243063
4.6196191632188786,0.9609123259929564,A,B,A_887,B_887,HI,HI,1.0,JOINT BASE PEARL HARBOR-HICKAM,JOINT BASE PEARL HARBOR-HICKAM,1.0,96860,,0.0,ELECTRICAL UTILITIES SCADA SYSTEMS FIELD MAINTENANCE AND SER,ELECTRICAL DISTRIBUTION MODERNIZATION - NAVAL FACILITIES ENGINEERING COMMAND HAW,1.0,,,4.0,1,,0.5641646489104116,0.7625384874516841
4.6196191632188786,0.9609123259929564,A,B,A_117,B_117,ID,ID,1.0,BOISE,BOISE,1.0,83705,83622,0.0,BOISE AIRPORT CONCOURSE A CONSTRUCTION,BOISE AIRPORT GATE REPLACEMENT PROJECT,1.0,,,4.0,1,,0.5624496373892024,0.7616809816910795
4.6196191632188786,0.9609123259929564,A,B,A_543,B_543,TX,TX,1.0,HEBBRONVILLE,HEBBRONVILLE,1.0,78361,78076,0.0,JIM HOGG COUNTY NEW EMERGENCY RESPONSE CENTER,JIM HOGG COUNTY URGENT HEALTH FIT HEBBRONVILLE,1.0,,,4.0,1,,0.5624496373892024,0.7616809816910795
4.6196191632188786,0.9609123259929564,A,B,A_655,B_655,TX,TX,1.0,LEWISVILLE,LEWISVILLE,1.0,75057,75067,0.0,SULLIVAN OLD TOWN BBQ RENOVATION,SULLIVAN TEXAS BBQ COVERED PATIO ADDITION,1.0,,,4.0,1,,0.5599364069952307,0.7604243664940935
4.6196191632188786,0.9609123259929564,A,B,A_562,B_562,ON,ON,1.0,TORONTO,TORONTO,1.0,5,0,0.0,WATERMAIN AND WATER SERVICES REPLACEMENT RICHMOND ST W,WATERMAIN REPLACEMENT AND REHABILITATION - BRUCE ST AND DONEY CRES.,1.0,,,4.0,1,,0.5588235294117647,0.7598679277023606
,0.7949999999999999,A,B,A_735,B_735,AZ,AZ,,PHOENIX,PHOENIX,,85022,85087,,BATH AND BODY WORKS TI,BATH & BODY WORKS #2993 - BELL TOWER CENTER / PHOENIX,,,,,1,999.0,0.7176470588235294,0.7563235294117647
4.6196191632188786,0.9609123259929564,A,B,A_813,B_813,WA,WA,1.0,AUBURN,AUBURN,1.0,98002,98323,0.0,R STREET SE WIDENING (22ND ST SE TO 33RD ST SE),R STREET SE AND 21ST STREET SE ROUNDABOUT,1.0,,,4.0,1,,0.5505882352941176,0.755750280643537
4.6196191632188786,0.9609123259929564,A,B,A_512,B_512,MI,MI,1.0,BLOOMFIELD TOWNSHIP,BLOOMFIELD TOWNSHIP,1.0,48302,48444,0.0,ACE PICKLEBALL CLUB - INTERIOR BUILDOUT,ACE PICKLEBALL / BLOOMFIELD TOWNSHIP,1.0,,,4.0,1,,0.5483549351944167,0.7546336305936865
2.092929861270442,0.8101074384831158,A,B,A_536,B_536,PA,PA,1.0,DRUMS,DRUMS,1.0,18222,18222,1.0,PA/DOT: SR 81 BRIDGE IMPROVEMENTS,RFP D/B - FENSTERMAKER BRIDGE REPLACEMENT,0.0,,,4.0,1,,0.6974789915966385,0.7537932150398772
4.6196191632188786,0.9609123259929564,A,B,A_985,B_985,ON,ON,1.0,BARRIE,BARRIE,1.0,427,9,0.0,JACOB'S TERRACE CONDO AND COMMUNITY CENTRE DUPLICATE REPORT,JACOBS TERRACE - RESIDENTIAL TOWERS,1.0,,,4.0,1,,0.546218487394958,0.7535654066939572
2.092929861270442,0.8101074384831158,A,B,A_851,B_851,IN,IN,1.0,NOBLESVILLE,NOBLESVILLE,1.0,46060,46060,1.0,"CHICK FIL A #3623 NOBLESVILLE, IN",CHICK-FIL-A #1628 - THE PYRAMIDS / INDIANAPOLIS,0.0,,,4.0,1,,0.6936736958934516,0.7518905671882837
4.6196191632188786,0.9609123259929564,A,B,A_132,B_132,ON,ON,1.0,BRAMPTON,BRAMPTON,1.0,6,9,0.0,CLARENCE STREET MIXED-USE COMMERCIAL AND CONDO DEVELOPMENT,"CLARENCE STREET CONDOMINIUM BUILDING, RETAIL",1.0,,,4.0,1,,0.536764705882353,0.7488385159376547
4.6196191632188786,0.9609123259929564,A,B,A_669,B_669,OR,OR,1.0,PORTLAND,PORTLAND,1.0,97217,97048,0.0,AMAZON WAREHOUSE IMPROVEMENTS,AMAZON RENOVATION,1.0,,,4.0,1,,0.5210084033613446,0.7409603646771505
4.6196191632188786,0.9609123259929564,A,B,A_178,B_178,UT,UT,1.0,BLUFFDALE,BLUFFDALE,1.0,84065,84037,0.0,CAMP WILLIAMS AVE PAVING & SITE CIVIL IMPROVEMENTS,CAMP WILLIAMS RESTORATION OF 3000 SERIES NONORG PARKING & DRAINAGE,1.0,,,4.0,1,,0.5098039215686275,0.735358123780792
4.6196191632188786,0.9609123259929564,A,B,A_287,B_287,CA,CA,1.0,AVENAL,AVENAL,1.0,93230,93239,0.0,AVENAL CUTOFF ROAD RECONSTRUCTION PHASE 1,AVENAL 2024 ROAD MAINTENANCE PROJECT,1.0,,,4.0,1,,0.5070993914807302,0.7340058587368433
4.6196191632188786,0.9609123259929564,A,B,A_216,B_216,MI,MI,1.0,BAY CITY,BAY CITY,1.0,48706,48659,0.0,2023 BOND PH I PROJECTS CENTRAL/LINCOLN/WEST ES RENO REBID,2023 BOND - PHASE 3B - WEST ELEMENTARY SITE WORK,1.0,,,4.0,1,,0.5026737967914439,0.7317930613922001
,0.8143421052631579,A,B,A_930,B_930,MO,MO,,LIBERTY,LIBERTY,,64068,64076,,LIBERTY HIGH SCHOOL REMODEL PHASE 2 REBID,LIBERTY PUBLIC SCHOOL DISTRICT - PHASE 2 LIBERTY HIGH SCHOOL REMODEL TILE PACKAG,,,,,1,999.0,0.6470588235294117,0.7307004643962848
,0.7673684210526315,A,B,A_526,B_526,NC,NC,,KANNAPOLIS,KANNAPOLIS,,28083,29732,,FOOD LION GROCERY #0755,FOOD LION #0755 - S CANNON BLVD / KANNAPOLIS,,,,,1,999.0,0.6749226006191951,0.7211455108359133
2.092929861270442,0.8101074384831158,A,B,A_399,B_766,CO,CO,1.0,BROOMFIELD,BROOMFIELD,1.0,80023,80023,1.0,NEW COMMERCIAL BUILDING,2025 SEWER REHABILITATION,0.0,,,4.0,1,,0.630252100840336,0.7201797696617259
